"Financial Year","Name","Address Line 1","Address Line 2","Suburb","State","Postcode","Lodged on behalf of","Total Expenditure","1*","2*","3*","4*","5*","Total Gifts Received"
"2018-19","Australian Association of Christian Schools","PO BOX 770","","DICKSON","ACT","2602","","24750","N/A","N/A","N/A","N/A","N/A","0"
"2018-19","Australian Christian Lobby","4 Campion Street","","DEAKIN","ACT","2600","","61142","N/A","N/A","N/A","N/A","N/A","0"
"2018-19","Australian Conservation Foundation Incorporated","Level 1,","60 Leicester Street","CARLTON","VIC","3053","","472121","N/A","N/A","N/A","N/A","N/A","0"
"2018-19","Australian Marine Conservation Society","PO Box 5815","","West End","QLD","4101","","37261","N/A","N/A","N/A","N/A","N/A","0"
"2018-19","Australian Municipal Administrative Clerical & Services Union - Queensland Together Branch","PO Box 3272","","SOUTH BRISBANE","QLD","4101","","81081","N/A","N/A","N/A","N/A","N/A","0"
"2018-19","Australian Nursing and Midwifery Federation SA","191 Torrens Rd","","RIDLEYTON","SA","5008","","170295","N/A","N/A","N/A","N/A","N/A","0"
"2018-19","Australian Rail Tram & Bus Industry Union NSW Branch","Level 4","321 Pitt Street","SYDNEY","NSW","2000","","16335","N/A","N/A","N/A","N/A","N/A","0"
"2018-19","Australian Services Union WA Branch","102 East Parade","","East Perth","WA","6004","","57907","N/A","N/A","N/A","N/A","N/A","0"
"2018-19","Australian Taxpayers' Alliance","1 Kings Cross Road","","DARLINGHURST","NSW","2010","","25620","N/A","N/A","N/A","N/A","N/A","0"
"2018-19","Australian Youth Climate Coalition Limited","Suite 5","60 Leicester Street","Carlton ","VIC","3053","","367353","N/A","N/A","N/A","N/A","N/A","0"
"2018-19","Automotive Food Metals Engineering Printing & Kindred Ind. Union","PO Box 160","","GRANVILLE","NSW","2142","","155913","N/A","N/A","N/A","N/A","N/A","0"
"2018-19","Bob Brown Foundation","Level 4 116 Bathurst Street","","Hobart","TAS","7000","","375750","N/A","N/A","N/A","N/A","N/A","34045"
"2018-19","Catholic Education Melbourne","James Goold House","228 Victoria Parade","EAST MELBOURNE","VIC","3002","","0","N/A","N/A","N/A","N/A","N/A","0"
"2018-19","CEPU - Electrical Division QLD & NT ","PO Box 3520","","SOUTH BRISBANE","QLD","4101","","317793","N/A","N/A","N/A","N/A","N/A","0"
"2018-19","Chamber of Commerce and Industry of Western Australia Limited","180 Hay Street","","EAST PERTH","WA","6004","","32036","N/A","N/A","N/A","N/A","N/A","0"
"2018-19","Cherish Life Queensland Inc","Suite 5, Benson House","2 Benson Street","TOOWONG","QLD","4066","","151218","N/A","N/A","N/A","N/A","N/A","20000"
"2018-19","Christian Schools Australia Limited","PO Box 3069","","Manuka","ACT","2603","","139803","N/A","N/A","N/A","N/A","N/A","47500"
"2018-19","Climate Action Network","The Joinery","111 Franklin Street ","ADELAIDE BC","SA","5000","","140113","N/A","N/A","N/A","N/A","N/A","143400"
"2018-19","Community and Public Sector Union (PSU Group)","Level 7 191-199 Thomas Street","","HAYMARKET","NSW","2000","","300150","N/A","N/A","N/A","N/A","N/A","0"
"2018-19","Community and Public Sector Union CPSU (SPSF Group)","PO Box 18090","Collins Street East","MELBOURNE","VIC","8003","","50000","N/A","N/A","N/A","N/A","N/A","0"
"2018-19","Dragoman Pty Ltd","PO Box 18384","Collins Street East","MELBOURNE","VIC","8003","","16231","N/A","N/A","N/A","N/A","N/A","0"
"2018-19","Electrical Trades Union of Australia NSW Branch","Level 5/370 Pitt Street","","SYDNEY","NSW","2000","","115711","N/A","N/A","N/A","N/A","N/A","0"
"2018-19","Environment Victoria","Level 2 60 Leicester St","","CARLTON","VIC","3053","","26482","N/A","N/A","N/A","N/A","N/A","0"
"2018-19","Fair Agenda Ltd","c/o The Commons","36-38 Gipps Street","Collingwood","VIC","3066","","17413","N/A","N/A","N/A","N/A","N/A","20000"
"2018-19","Farmers for Climate Action","2796 Crookwell Rd","","Crookwell","NSW","2583","","162973","N/A","N/A","N/A","N/A","N/A","448116"
"2018-19","Gender Awareness Australia Ltd","GPO Box 1467","","SYDNEY","NSW","2001","","87454","N/A","N/A","N/A","N/A","N/A","0"
"2018-19","Greenpeace Australia Pacific Limited","Level 2","33 Mountain Street","ULTIMO","NSW","2007","","219710","N/A","N/A","N/A","N/A","N/A","0"
"2018-19","Health Services Union, Tasmania Branch","PO Box 635","","NORTH HOBART","TAS","7002","","33000","N/A","N/A","N/A","N/A","N/A","0"
"2018-19","Independent Education Union of Australia","unit 10, 40 Brisbane Ave","","Barton","ACT","2600","","34740","N/A","N/A","N/A","N/A","N/A","0"
"2018-19","IR21 Ltd","Docklands PS","PO Box 23169","DOCKLANDS","VIC","3008","","16460","N/A","N/A","N/A","N/A","N/A","0"
"2018-19","John Crawford","9 Waiwera Avenue","","NORTH MANLY","NSW","2100","","129545","N/A","N/A","N/A","N/A","N/A","45000"
"2018-19","Master Builders Australia Ltd","PO Box 7170","","YARRALUMLA","ACT","2600","","431583","N/A","N/A","N/A","N/A","N/A","0"
"2018-19","National Association for the Visual Arts Ltd","Lvl 1, 43-51 Cowper Wharf Roadway","","WOOLLOOMOOLOO","NSW","2011","","130233","N/A","N/A","N/A","N/A","N/A","143257"
"2018-19","New South Wales Local Government Clerical Administrative Energy Airlines & Utilities Union T/A United Services Union","Level 7, 321 Pitt Street","","SYDNEY","NSW","2000","","23180","N/A","N/A","N/A","N/A","N/A","0"
"2018-19","Queensland Nurses and Midwives' Union","106 Victoria Street","","WEST END","QLD","4101","","150231","N/A","N/A","N/A","N/A","N/A","0"
"2018-19","Queensland Teachers Union of Employees","PO Box 1750","","MILTON","QLD","4064","","414598","N/A","N/A","N/A","N/A","N/A","0"
"2018-19","RITEON PTY LTD","23 Fountain Rd","","BUDERIM","QLD","4556","","20551","N/A","N/A","N/A","N/A","N/A","0"
"2018-19","Shop Assistants & Warehouse Employees' Federation of Australia-Newcastle & Northern NSW","PO Box 2211","","DANGAR","NSW","2309","","19919","N/A","N/A","N/A","N/A","N/A","0"
"2018-19","Shop Distributive & Allied Employees' Association NSW Branch","PO Box K230","","HAYMARKET","NSW","1240","","17507","N/A","N/A","N/A","N/A","N/A","0"
"2018-19","Shop Distributive & Allied Employees' Association of Western Australia","5th Floor, 25 Barrack Street","","PERTH","WA","6000","","0","N/A","N/A","N/A","N/A","N/A","0"
"2018-19","Shop Distributive & Allied Employees Association South Australian Branch (State Body)","1/69 Fullarton Road","","KENT TOWN","SA","5067","","36853","N/A","N/A","N/A","N/A","N/A","0"
"2018-19","Smart Energy Council (previously Australian Solar Council)","34 Anderson Street","","CHIFLEY","ACT","2606","","66135","N/A","N/A","N/A","N/A","N/A","0"
"2018-19","Tasmanian Chamber of Commerce and Industry","GPO Box 793","","HOBART","TAS","7001","","220629","N/A","N/A","N/A","N/A","N/A","0"
"2018-19","The Australian Workers' Union of Employees Queensland","GPO Box 88","","BRISBANE","QLD","4000","","205180","N/A","N/A","N/A","N/A","N/A","0"
"2018-19","The State School Teacher's Union of WA (Inc.)","1 West Street","","West Perth","WA","6005","","39804","N/A","N/A","N/A","N/A","N/A","0"
"2018-19","The Sunrise Project Australia Limited","L2, 91 Reservoir St","","SURRY HILLS","NSW","2010","","197816","N/A","N/A","N/A","N/A","N/A","695000"
"2018-19","The Wilderness Society Limited","132 Davey Street","","HOBART","TAS","7000","","149325","N/A","N/A","N/A","N/A","N/A","65000"
"2018-19","The Wilderness Society Victoria Inc.","353-355 King St","","WEST MELBOURNE","VIC","3003","","20900","N/A","N/A","N/A","N/A","N/A","0"
"2018-19","Unions NSW","Level 3 4-10 Goulburn Street","","SYDNEY","NSW","2000","","165281","N/A","N/A","N/A","N/A","N/A","0"
"2018-19","Voices for Farrer Inc.","Barooga Park","105 Seppelts Road","BAROOGA","NSW","3644","","21148","N/A","N/A","N/A","N/A","N/A","0"
"2018-19","World Wide Fund for Nature Australia","GPO Box 528","","SYDNEY","NSW","2001","","0","N/A","N/A","N/A","N/A","N/A","0"
"2017-18","350 Australia","Suite 8","50 Reservoir Street","SURRY HILLS","NSW","2010","","4708","0","0","0","0","4708","0"
"2017-18","AEU NSW Teachers Federation","Locked Bag 3010","","DARLINGHURST","NSW","1300","","351371","8804","86318","203387","0","52862","0"
"2017-18","Alliance of Australian Retailers Pty Ltd","14 Ross Street","","NORTH PARRAMATTA","NSW","2151","","0","0","0","0","0","0","0"
"2017-18","ANIMALS AUSTRALIA FEDERATION","1 Burke Street","","MONTMORENCY","VIC","3094","","2467532","0","2270402","0","0","197130","0"
"2017-18","Australian Automobile Association","GPO Box 1555","","CANBERRA","ACT","2601","","0","0","0","0","0","0","0"
"2017-18","Australian Christian Lobby","4 Campion Street","","DEAKIN","ACT","2600","","60538","8938","0","0","0","51600","0"
"2017-18","Australian Conservation Foundation Incorporated","Level 1,","60 Leicester Street","CARLTON","VIC","3053","","191213","0","0","0","109562","81651","0"
"2017-18","Australian Council of Trade Unions","Level 6, 365 Queen Street","","MELBOURNE","VIC","3000","","10710469","136913","211862","8758219","208636","1394839","7089618"
"2017-18","Australian Education Union ","120 Clarendon Street","","SOUTHBANK","VIC","3006","","719725","25840","427222","13200","92047","161416","0"
"2017-18","Australian Education Union Victorian Branch","PO Box 363","","ABBOTSFORD","VIC","3067","","0","0","0","0","0","0","0"
"2017-18","Australian Municipal Administrative Clerical and Services Union ","Ground Floor 116 Queensberry Street","","CARLTON SOUTH","VIC","3053","","500000","500000","0","0","0","0","0"
"2017-18","Australian Nursing & Midwifery Federation","Level 1, 365 Queen Street","","MELBOURNE","VIC","3000","","524733","252","35217","0","0","489264","0"
"2017-18","Australian Nursing and Midwifery Federation SA","191 Torrens Rd","","RIDLEYTON","SA","5008","","112806","0","0","0","0","112806","0"
"2017-18","Australian Rail Tram & Bus Industry Union NSW Branch","Level 4","321 Pitt Street","SYDNEY","NSW","2000","","0","0","0","0","0","0","0"
"2017-18","Australian Workers Union WA Branch","PO Box 8122","Perth Business Centre","PERTH","WA","6849","","0","0","0","0","0","0","0"
"2017-18","Australian Youth Climate Coalition Limited","Suite 5","60 Leicester Street","Carlton ","VIC","3053","","70130","0","56960","0","0","13170","0"
"2017-18","Automotive Food Metals Engineering Printing & Kindred Ind. Union","PO Box 160","","GRANVILLE","NSW","2142","","154977","0","154977","0","0","0","0"
"2017-18","Business Council of Australia","Level 42, 120 Collins Street","","MELBOURNE","VIC","3000","","1743947","16500","694383","832686","0","200378","0"
"2017-18","Catholic Education Melbourne","James Goold House","228 Victoria Parade","EAST MELBOURNE","VIC","3002","","20054","0","20054","0","0","0","0"
"2017-18","CFMEU - Construction & General Division (WA Branch)","PO Box 8075","","PERTH BC","WA","6849","","200051","200051","0","0","0","0","0"
"2017-18","Community and Public Sector Union (PSU Group)","Level 7 191-199 Thomas Street","","HAYMARKET","NSW","2000","","25747","9545","2329","500","2271","11102","0"
"2017-18","Community and Public Sector Union CPSU (SPSF Group)","PO Box 18090","Collins Street East","MELBOURNE","VIC","8003","","150000","0","0","0","0","150000","0"
"2017-18","Council of Mayors (SEQ) Pty Ltd","PO Box 12995","","GEORGE STREET","QLD","4003","","0","0","0","0","0","0","0"
"2017-18","Dick Smith","PO Box 418","","TERREY HILLS","NSW","2084","","1375881","0","1375881","0","0","0","0"
"2017-18","Dragoman Pty Ltd","PO Box 18384","Collins Street East","MELBOURNE","VIC","8003","","25000","0","0","0","0","25000","0"
"2017-18","Electrical Trades Union of Australia NSW Branch","Level 5/370 Pitt Street","","SYDNEY","NSW","2000","","76235","0","75235","1000","0","0","0"
"2017-18","Environment Victoria","Level 2 60 Leicester St","","CARLTON","VIC","3053","","58700","0","0","0","8800","49900","0"
"2017-18","Farmers for Climate Action","2796 Crookwell Rd","","Crookwell","NSW","2583","","58566","0","0","58566","0","0","34588"
"2017-18","GetUp Limited","Level 1, 64-76 Kippax Street","","SURRY HILLS","NSW","2010","","742596","145421","422738","49888","111706","12843","207630"
"2017-18","Green Music Australia","79 Coolamon Rd","","TAROONA","TAS","7053","","6100","0","0","0","0","6100","0"
"2017-18","Greenpeace Australia Pacific Limited","Level 2","33 Mountain Street","ULTIMO","NSW","2007","","105690","3397","32348","28045","30000","11900","0"
"2017-18","Health Services Union - National Office","Suite 46, 255 Drummond Street","","CARLTON","VIC","3053","","0","0","0","0","0","0","0"
"2017-18","Health Services Union, Victoria No. 3 Branch (VAHPA)","351 William St","","WEST MELBOURNE","VIC","3003","","0","0","0","0","0","0","0"
"2017-18","Industry Super Australia","Level 39, 2 Lonsdale Street","","MELBOURNE","VIC","3000","","1432651","0","0","1432651","0","0","0"
"2017-18","LET Australia Ltd","PO Box 10944","","BRISBANE","QLD","4000","","3932719","0","604782","3145981","0","181956","0"
"2017-18","Master Builders Australia Ltd","PO Box 7170","","YARRALUMLA","ACT","2600","","66860","0","66860","0","0","0","0"
"2017-18","Minerals Council of Australia","PO Box 4497","","KINGSTON","ACT","2604","","1274162","0","388027","886135","0","0","0"
"2017-18","National Tertiary Education Union (NTEU)","PO Box 1323","","SOUTH MELBOURNE","VIC","3205","","50000","0","0","0","0","50000","0"
"2017-18","National Union of Workers","PO Box 343","","NORTH MELBOURNE","VIC","3051","","0","0","0","0","0","0","0"
"2017-18","National Union of Workers - National Office","PO Box 343","","NORTH MELBOURNE","VIC","3051","","0","0","0","0","0","0","0"
"2017-18","New South Wales Nurses and Midwives' Association","50 O'Dea Avenue","","WATERLOO","NSW","2017","","61554","0","5666","15125","0","40763","0"
"2017-18","Queensland Nurses and Midwives' Union","106 Victoria Street","","WEST END","QLD","4101","","384247","10359","0","76338","0","297550","0"
"2017-18","Queensland Teachers Union of Employees","PO Box 1750","","MILTON","QLD","4064","","144505","0","52212","0","0","92293","0"
"2017-18","RSPCA Australia","PO Box 265","","DEAKIN","ACT","2600","","26271","0","0","0","2700","23571","0"
"2017-18","Shop Assistants & Warehouse Employees' Federation of Australia-Newcastle & Northern NSW","PO Box 2211","","DANGAR","NSW","2309","","0","0","0","0","0","0","0"
"2017-18","Shop Distributive & Allied Employees' Association NSW Branch","PO Box K230","","HAYMARKET","NSW","1240","","0","0","0","0","0","0","0"
"2017-18","Shop Distributive & Allied Employees' Association of Western Australia","5th Floor, 25 Barrack Street","","PERTH","WA","6000","","0","0","0","0","0","0","0"
"2017-18","Smart Energy Council (previously Australian Solar Council)","34 Anderson Street","","CHIFLEY","ACT","2606","","34773","26280","8493","0","0","0","0"
"2017-18","St Vincent de Paul Society National Council of Australia","PO Box 243","","DEAKIN WEST","ACT","2600","","50210","0","0","0","0","50210","0"
"2017-18","The Minderoo Foundation Pty Ltd atf The Minderoo Foundation Trust","PO Box 3155","","BROADWAY NEDLANDS","WA","6009","","973194","0","0","796049","177145","0","402000000"
"2017-18","The Oaktree Foundation Australia","Level 3","33 Lincoln Square South","CARLTON","VIC","3053","","62818","0","0","0","0","62818","0"
"2017-18","The Wilderness Society Limited","132 Davey Street","","HOBART","TAS","7000","","8338","0","8338","0","0","0","0"
"2017-18","Transport Workers Union of New South Wales","PO Box 54","","MINCHINBURY","NSW","2770","","0","0","0","0","0","0","0"
"2017-18","Unions NSW","Level 3 4-10 Goulburn Street","","SYDNEY","NSW","2000","","0","0","0","0","0","0","0"
"2017-18","United Workers Union","Locked Bag 9","","HAYMARKET","NSW","1240","","167618","39143","52101","47179","0","29195","0"
"2017-18","Universities Australia","GPO Box 1142","","DEAKIN","ACT","2601","","310342","0","172630","0","137712","0","0"
"2017-18","World Wide Fund for Nature Australia","GPO Box 528","","SYDNEY","NSW","2001","","0","0","0","0","0","0","0"
"2016-17","AEU NSW Teachers Federation","Locked Bag 3010","","DARLINGHURST","NSW","1300","","516512","341643","45730","69565","0","59574","0"
"2016-17","Australian Council of Trade Unions","Level 6, 365 Queen Street","","MELBOURNE","VIC","3000","","888941","7430","249030","156920","298916","176645","4690753"
"2016-17","Australian Education Union ","120 Clarendon Street","","SOUTHBANK","VIC","3006","","894372","150592","215575","358122","92950","77133","0"
"2016-17","Australian Education Union Victorian Branch","PO Box 363","","ABBOTSFORD","VIC","3067","","371934","0","87014","0","0","284920","0"
"2016-17","Australian Municipal Administrative Clerical and Services Union ","Ground Floor 116 Queensberry Street","","CARLTON SOUTH","VIC","3053","","0","0","0","0","0","0","0"
"2016-17","Australian Rail Tram & Bus Industry Union NSW Branch","Level 4","321 Pitt Street","SYDNEY","NSW","2000","","0","0","0","0","0","0","0"
"2016-17","Australian Workers Union WA Branch","PO Box 8122","Perth Business Centre","PERTH","WA","6849","","0","0","0","0","0","0","0"
"2016-17","Automotive Food Metals Engineering Printing & Kindred Ind. Union","PO Box 160","","GRANVILLE","NSW","2142","","264908","0","264908","0","0","0","0"
"2016-17","Business Council of Australia","Level 42, 120 Collins Street","","MELBOURNE","VIC","3000","","148199","0","0","148199","0","0","0"
"2016-17","CFMEU - Construction & General Division (WA Branch)","PO Box 8075","","PERTH BC","WA","6849","","217500","217500","0","0","0","0","0"
"2016-17","Council of Mayors (SEQ) Pty Ltd","PO Box 12995","","GEORGE STREET","QLD","4003","","0","0","0","0","0","0","0"
"2016-17","Environment Victoria","Level 2 60 Leicester St","","CARLTON","VIC","3053","","23981","17028","0","6953","0","0","0"
"2016-17","Fair Agenda Ltd","c/o The Commons","36-38 Gipps Street","Collingwood","VIC","3066","","27317","0","9370","0","0","17947","0"
"2016-17","GetUp Limited","Level 1, 64-76 Kippax Street","","SURRY HILLS","NSW","2010","","821093","669172","0","73601","78320","0","217418"
"2016-17","Greenpeace Australia Pacific Limited","Level 2","33 Mountain Street","ULTIMO","NSW","2007","","17156","13825","0","0","0","3331","0"
"2016-17","Industry Super Australia","Level 39, 2 Lonsdale Street","","MELBOURNE","VIC","3000","","244350","0","0","244350","0","0","0"
"2016-17","LET Australia Ltd","PO Box 10944","","BRISBANE","QLD","4000","","3584115","0","282973","2836953","0","464189","0"
"2016-17","Master Builders Australia Ltd","PO Box 7170","","YARRALUMLA","ACT","2600","","50000","0","21000","29000","0","0","0"
"2016-17","Minerals Council of Australia","PO Box 4497","","KINGSTON","ACT","2604","","1297025","0","491185","803079","0","2761","0"
"2016-17","National Civic Council","PO Box 251","","BALWYN","VIC","3103","","25632","25632","0","0","0","0","0"
"2016-17","New South Wales Local Government Clerical Administrative Energy Airlines & Utilities Union T/A United Services Union","Level 7, 321 Pitt Street","","SYDNEY","NSW","2000","","17890","0","17890","0","0","0","0"
"2016-17","Queensland Teachers Union of Employees","PO Box 1750","","MILTON","QLD","4064","","237523","0","0","121000","3505","113018","0"
"2016-17","Save the Children Australia","33 Lincoln Square South","","CARLTON","VIC","3053","","16280","0","0","0","16280","0","0"
"2016-17","Shop Assistants & Warehouse Employees' Federation of Australia-Newcastle & Northern NSW","PO Box 2211","","DANGAR","NSW","2309","","0","0","0","0","0","0","0"
"2016-17","Shop Distributive & Allied Employees' Association NSW Branch","PO Box K230","","HAYMARKET","NSW","1240","","0","0","0","0","0","0","0"
"2016-17","Shop Distributive & Allied Employees' Association of Western Australia","5th Floor, 25 Barrack Street","","PERTH","WA","6000","","0","0","0","0","0","0","0"
"2016-17","The Food Preservers' Union of Western Australia Union of Workers","5th Floor,","25 Barrack Street","PERTH","WA","6000","","0","0","0","0","0","0","0"
"2016-17","The Sunrise Project Australia Limited","L2, 91 Reservoir St","","SURRY HILLS","NSW","2010","","108732","0","0","0","36960","71772","170000"
"2016-17","Transport Workers Union of New South Wales","PO Box 54","","MINCHINBURY","NSW","2770","","15622","0","15622","0","0","0","0"
"2016-17","Unions NSW","Level 3 4-10 Goulburn Street","","SYDNEY","NSW","2000","","4974","4974","0","0","0","0","0"
"2016-17","United Workers Union","Locked Bag 9","","HAYMARKET","NSW","1240","","425068","333987","52714","952","12000","25415","0"
"2016-17","Universities Australia","GPO Box 1142","","DEAKIN","ACT","2601","","510934","0","260760","158344","91830","0","0"
"2016-17","World Vision Australia","1 Vision Drive","","BURWOOD EAST","VIC","3151","","46985","0","16510","0","6500","23975","46985"
"2016-17","World Wide Fund for Nature Australia","GPO Box 528","","SYDNEY","NSW","2001","","34829","0","34829","0","0","0","0"
"2015-16","AEU NSW Teachers Federation","Locked Bag 3010","","DARLINGHURST","NSW","1300","","1325695","843122","235212","141656","42075","63630","0"
"2015-16","Alliance of Australian Retailers Pty Ltd","14 Ross Street","","NORTH PARRAMATTA","NSW","2151","","35000","0","35000","0","0","0","0"
"2015-16","Australasian Meat Industry Employees' Union - QLD Branch","Level 1","39 Lytton Road","EAST BRISBANE","QLD","4169","","21420","21420","0","0","0","0","0"
"2015-16","Australian Automobile Association","GPO Box 1555","","CANBERRA","ACT","2601","","1161175","0","324439","777254","59482","0","0"
"2015-16","Australian Christian Lobby","4 Campion Street","","DEAKIN","ACT","2600","","208436","0","170522","0","0","37914","123640"
"2015-16","Australian Conservation Foundation Incorporated","Level 1,","60 Leicester Street","CARLTON","VIC","3053","","173783","0","147142","0","19200","7441","0"
"2015-16","Australian Council of Trade Unions","Level 6, 365 Queen Street","","MELBOURNE","VIC","3000","","4702032","82738","472898","2017069","1225538","903789","4732956"
"2015-16","Australian Education Union ","120 Clarendon Street","","SOUTHBANK","VIC","3006","","4931282","242810","680063","3062151","129227","817031","0"
"2015-16","Australian Education Union Victorian Branch","PO Box 363","","ABBOTSFORD","VIC","3067","","519038","0","270020","0","0","249018","0"
"2015-16","Australian Municipal Administrative Clerical & Services Union - Queensland Together Branch","PO Box 3272","","SOUTH BRISBANE","QLD","4101","","36306","0","30053","0","6253","0","0"
"2015-16","Australian Municipal Administrative Clerical and Services Union ","Ground Floor 116 Queensberry Street","","CARLTON SOUTH","VIC","3053","","336283","336283","0","0","0","0","0"
"2015-16","Australian Rail Tram & Bus Industry Union NSW Branch","Level 4","321 Pitt Street","SYDNEY","NSW","2000","","0","0","0","0","0","0","0"
"2015-16","Australian Trucking Association Ltd","Minter Ellison Building","25 National Circuit","FORREST","ACT","2603","","97509","0","48517","0","16072","32920","0"
"2015-16","Australian Workers Union WA Branch","PO Box 8122","Perth Business Centre","PERTH","WA","6849","","34724","0","0","0","34724","0","0"
"2015-16","Automotive Food Metals Engineering Printing & Kindred Ind. Union","PO Box 160","","GRANVILLE","NSW","2142","","159876","0","157811","0","2065","0","0"
"2015-16","Business Council of Australia","Level 42, 120 Collins Street","","MELBOURNE","VIC","3000","","2662083","0","384244","2032543","106700","138596","220000"
"2015-16","CEPU Plumbing Division Queensland Branch","PO Box 3596","","SOUTH BRISBANE","QLD","4101","","0","0","0","0","0","0","0"
"2015-16","CFMEU - Construction & General Division (WA Branch)","PO Box 8075","","PERTH BC","WA","6849","","199795","199795","0","0","0","0","0"
"2015-16","CFMEU - Construction & General Division, National Office","PO Box Q235","QVB Post Office","SYDNEY","NSW","1230","","45352","0","12676","32676","0","0","0"
"2015-16","Community and Public Sector Union (PSU Group)","Level 7 191-199 Thomas Street","","HAYMARKET","NSW","2000","","127570","12549","86046","0","8384","20591","0"
"2015-16","Construction Forestry Maritime Mining & Energy Union The Construction & General Division ACT Divisional Branch","PO Box 498","","DICKSON","ACT","2602","","55104","0","20656","0","0","34448","0"
"2015-16","Construction Forestry Mining & Energy, Industrial Union of Employees, Queensland - Construction and General Division","16 Campbell Street","","BOWEN HILLS","QLD","4006","","13825","11922","1903","0","0","0","0"
"2015-16","Council of Mayors (SEQ) Pty Ltd","PO Box 12995","","GEORGE STREET","QLD","4003","","66747","0","789","0","0","65958","0"
"2015-16","Electrical Trades Union of Australia NSW Branch","Level 5/370 Pitt Street","","SYDNEY","NSW","2000","","0","0","0","0","0","0","0"
"2015-16","Environment Victoria","Level 2 60 Leicester St","","CARLTON","VIC","3053","","19108","8181","4327","0","6600","0","0"
"2015-16","GetUp Limited","Level 1, 64-76 Kippax Street","","SURRY HILLS","NSW","2010","","10081186","6448657","1119422","559137","238618","1715352","345840"
"2015-16","Greenpeace Australia Pacific Limited","Level 2","33 Mountain Street","ULTIMO","NSW","2007","","53406","46150","0","0","7147","109","0"
"2015-16","LET Australia Ltd","PO Box 10944","","BRISBANE","QLD","4000","","2481797","0","1115066","1310601","56130","0","0"
"2015-16","Master Builders Association of Western Australia","PO Box 167","","WEST PERTH","WA","6872","","56685","0","0","0","0","56685","0"
"2015-16","Master Builders Australia Ltd","PO Box 7170","","YARRALUMLA","ACT","2600","","226583","0","185266","41317","0","0","0"
"2015-16","Minerals Council of Australia","PO Box 4497","","KINGSTON","ACT","2604","","789706","0","334164","235542","0","220000","0"
"2015-16","National Civic Council","PO Box 251","","BALWYN","VIC","3103","","46905","25587","0","21318","0","0","0"
"2015-16","National Tertiary Education Union (NTEU)","PO Box 1323","","SOUTH MELBOURNE","VIC","3205","","290047","220683","64689","0","4675","0","0"
"2015-16","National Union of Workers - National Office","PO Box 343","","NORTH MELBOURNE","VIC","3051","","56632","50576","5706","0","350","0","0"
"2015-16","New South Wales Local Government Clerical Administrative Energy Airlines & Utilities Union T/A United Services Union","Level 7, 321 Pitt Street","","SYDNEY","NSW","2000","","21131","0","21131","0","0","0","0"
"2015-16","New South Wales Nurses and Midwives' Association","50 O'Dea Avenue","","WATERLOO","NSW","2017","","1993963","22166","510564","1399363","61870","0","0"
"2015-16","One Community SA","PO Box 31","","GREENACRES","SA","5086","","351329","0","227567","123762","0","0","0"
"2015-16","Queensland Council of Unions (QCU)","Level 5","16 Peel Street","SOUTH BRISBANE","QLD","4101","","71390","134","4584","0","3297","63375","0"
"2015-16","Queensland Nurses and Midwives' Union","106 Victoria Street","","WEST END","QLD","4101","","240191","0","76191","55000","0","109000","0"
"2015-16","Queensland Teachers Union of Employees","PO Box 1750","","MILTON","QLD","4064","","304699","0","0","121000","3505","180194","0"
"2015-16","Royal Australian College of General Practitioners","100 Wellington Parade","","EAS MELBOURNE","VIC","3002","","429782","0","10570","419212","0","0","0"
"2015-16","SA Road Transport Association","PO Box 2420","","REGENCY PARK","SA","5942","","150000","0","0","150000","0","0","100000"
"2015-16","Shop Assistants & Warehouse Employees' Federation of Australia-Newcastle & Northern NSW","PO Box 2211","","DANGAR","NSW","2309","","23294","0","0","14022","1067","8205","0"
"2015-16","Shop Distributive & Allied Employees' Association NSW Branch","PO Box K230","","HAYMARKET","NSW","1240","","0","0","0","0","0","0","0"
"2015-16","Shop Distributive & Allied Employees' Association of Western Australia","5th Floor, 25 Barrack Street","","PERTH","WA","6000","","56842","0","0","0","56842","0","0"
"2015-16","Shop, Distributive & Allied Employees' Association - National","Sixth Floor","53 Queen Street","MELBOURNE","VIC","3000","","57343","57343","0","0","0","0","0"
"2015-16","Smart Energy Council (previously Australian Solar Council)","34 Anderson Street","","CHIFLEY","ACT","2606","","36000","0","36000","0","0","0","36000"
"2015-16","The Food Preservers' Union of Western Australia Union of Workers","5th Floor,","25 Barrack Street","PERTH","WA","6000","","0","0","0","0","0","0","0"
"2015-16","The Oaktree Foundation Australia","Level 3","33 Lincoln Square South","CARLTON","VIC","3053","","34689","0","8262","0","0","26427","0"
"2015-16","The Wilderness Society Limited","132 Davey Street","","HOBART","TAS","7000","","50545","0","20342","0","5000","25203","24750"
"2015-16","Transport Workers Union of New South Wales","PO Box 54","","MINCHINBURY","NSW","2770","","0","0","0","0","0","0","0"
"2015-16","Unions NSW","Level 3 4-10 Goulburn Street","","SYDNEY","NSW","2000","","186077","117800","68277","0","0","0","0"
"2015-16","United Workers Union","Locked Bag 9","","HAYMARKET","NSW","1240","","676747","16391","56671","36745","5372","561568","0"
"2015-16","Universities Australia","GPO Box 1142","","DEAKIN","ACT","2601","","1647017","0","1105812","476705","64500","0","5000000"
"2015-16","World Vision Australia","1 Vision Drive","","BURWOOD EAST","VIC","3151","","215505","0","178465","0","6500","30540","215505"
"2015-16","World Wide Fund for Nature Australia","GPO Box 528","","SYDNEY","NSW","2001","","354389","0","230161","121728","0","2500","0"
"2014-15","AEU NSW Teachers Federation","Locked Bag 3010","","DARLINGHURST","NSW","1300","","89473","0","75042","0","0","14431","0"
"2014-15","Alliance of Australian Retailers Pty Ltd","14 Ross Street","","NORTH PARRAMATTA","NSW","2151","","21487","0","21487","0","0","0","0"
"2014-15","Australian Automobile Association","GPO Box 1555","","CANBERRA","ACT","2601","","24070","0","0","0","0","24070","0"
"2014-15","Australian Christian Lobby","4 Campion Street","","DEAKIN","ACT","2600","","0","0","0","0","0","0","0"
"2014-15","Australian Council of Trade Unions","Level 6, 365 Queen Street","","MELBOURNE","VIC","3000","","2165198","191761","25013","1664855","269031","14538","4411903"
"2014-15","Australian Education Union ","120 Clarendon Street","","SOUTHBANK","VIC","3006","","151844","31286","78790","1893","39875","0","0"
"2014-15","Australian Education Union Victorian Branch","PO Box 363","","ABBOTSFORD","VIC","3067","","129374","0","129374","0","0","0","0"
"2014-15","Australian Municipal Administrative Clerical and Services Union ","Ground Floor 116 Queensberry Street","","CARLTON SOUTH","VIC","3053","","201170","201170","0","0","0","0","0"
"2014-15","Australian Rail Tram & Bus Industry Union NSW Branch","Level 4","321 Pitt Street","SYDNEY","NSW","2000","","0","0","0","0","0","0","0"
"2014-15","Australian Workers Union WA Branch","PO Box 8122","Perth Business Centre","PERTH","WA","6849","","0","0","0","0","0","0","0"
"2014-15","Automotive Food Metals Engineering Printing & Kindred Ind. Union","PO Box 160","","GRANVILLE","NSW","2142","","88972","0","88972","0","0","0","0"
"2014-15","CEPU Plumbing Division Queensland Branch","PO Box 3596","","SOUTH BRISBANE","QLD","4101","","0","0","0","0","0","0","0"
"2014-15","CFMEU - Construction & General Division (WA Branch)","PO Box 8075","","PERTH BC","WA","6849","","145796","145796","0","0","0","0","0"
"2014-15","CFMEU - Construction & General Division, National Office","PO Box Q235","QVB Post Office","SYDNEY","NSW","1230","","22657","0","22475","182","0","0","0"
"2014-15","Electrical Trades Union of Australia NSW Branch","Level 5/370 Pitt Street","","SYDNEY","NSW","2000","","0","0","0","0","0","0","0"
"2014-15","GetUp Limited","Level 1, 64-76 Kippax Street","","SURRY HILLS","NSW","2010","","10570345","0","515976","1362399","362502","8329468","307185"
"2014-15","Greenpeace Australia Pacific Limited","Level 2","33 Mountain Street","ULTIMO","NSW","2007","","28592","22692","0","0","5900","0","0"
"2014-15","Health Services Union - National Office","Suite 46, 255 Drummond Street","","CARLTON","VIC","3053","","0","0","0","0","0","0","0"
"2014-15","Media Entertainment & Arts Alliance","PO Box 723","","STRAWBERRY HILLS","NSW","2012","","0","0","0","0","0","0","0"
"2014-15","National Union of Workers - National Office","PO Box 343","","NORTH MELBOURNE","VIC","3051","","0","0","0","0","0","0","0"
"2014-15","New South Wales Local Government Clerical Administrative Energy Airlines & Utilities Union T/A United Services Union","Level 7, 321 Pitt Street","","SYDNEY","NSW","2000","","13460","0","13460","0","0","0","0"
"2014-15","Shop Assistants & Warehouse Employees' Federation of Australia-Newcastle & Northern NSW","PO Box 2211","","DANGAR","NSW","2309","","0","0","0","0","0","0","0"
"2014-15","Shop Distributive & Allied Employees Association - VIC Branch","65 Southbank Boulevard","","SOUTHBANK","VIC","3006","","13171","13171","0","0","0","0","0"
"2014-15","Shop Distributive & Allied Employees' Association NSW Branch","PO Box K230","","HAYMARKET","NSW","1240","","0","0","0","0","0","0","0"
"2014-15","Shop Distributive & Allied Employees' Association of Western Australia","5th Floor, 25 Barrack Street","","PERTH","WA","6000","","0","0","0","0","0","0","0"
"2014-15","Shop Distributive and Allied Employees Association (QLD Branch)","PO Box 490","","SPRING HILL","QLD","4004","","0","0","0","0","0","0","0"
"2014-15","The Climate Institute","Level 15, 179 Elizabeth St","","Sydney","NSW","2000","","25310","0","0","25310","0","0","0"
"2014-15","The Food Preservers' Union of Western Australia Union of Workers","5th Floor,","25 Barrack Street","PERTH","WA","6000","","0","0","0","0","0","0","0"
"2014-15","Transport Workers Union of New South Wales","PO Box 54","","MINCHINBURY","NSW","2770","","0","0","0","0","0","0","0"
"2014-15","Unions NSW","Level 3 4-10 Goulburn Street","","SYDNEY","NSW","2000","","1212","1212","0","0","0","0","0"
"2014-15","United Workers Union","Locked Bag 9","","HAYMARKET","NSW","1240","","240276","115304","119432","0","5540","0","0"
"2014-15","Universities Australia","GPO Box 1142","","DEAKIN","ACT","2601","","510279","0","254650","254650","979","0","0"
"2014-15","World Wide Fund for Nature Australia","GPO Box 528","","SYDNEY","NSW","2001","","432566","0","432566","0","0","0","235000"
"2013-14","Alliance of Australian Retailers Pty Ltd","14 Ross Street","","NORTH PARRAMATTA","NSW","2151","","22851","0","22851","0","0","0","0"
"2013-14","Australian Automobile Association","GPO Box 1555","","CANBERRA","ACT","2601","","21773","0","0","0","0","21773","0"
"2013-14","Australian Christian Lobby","4 Campion Street","","DEAKIN","ACT","2600","","100862","19448","0","0","21450","59964","150000"
"2013-14","Australian Conservation Foundation Incorporated","Level 1,","60 Leicester Street","CARLTON","VIC","3053","","91429","0","56402","0","116","34911","0"
"2013-14","Australian Council of Trade Unions","Level 6, 365 Queen Street","","MELBOURNE","VIC","3000","","5572219","32832","109198","4720699","267314","442176","4544166"
"2013-14","Australian Education Union ","120 Clarendon Street","","SOUTHBANK","VIC","3006","","1332368","24035","383165","828688","96480","0","0"
"2013-14","Australian Education Union Victorian Branch","PO Box 363","","ABBOTSFORD","VIC","3067","","465804","0","146565","0","0","319239","0"
"2013-14","Australian Federated Union of Locomotive Employees","41 Peel Street","","SOUTH BRISBANE","QLD","4101","","0","0","0","0","0","0","0"
"2013-14","Australian Municipal Administrative Clerical and Services Union ","Ground Floor 116 Queensberry Street","","CARLTON SOUTH","VIC","3053","","251170","251170","0","0","0","0","0"
"2013-14","Australian Rail Tram & Bus Industry Union NSW Branch","Level 4","321 Pitt Street","SYDNEY","NSW","2000","","0","0","0","0","0","0","0"
"2013-14","Australian Workers Union WA Branch","PO Box 8122","Perth Business Centre","PERTH","WA","6849","","0","0","0","0","0","0","0"
"2013-14","Automotive Food Metals Engineering Printing & Kindred Ind. Union","PO Box 160","","GRANVILLE","NSW","2142","","1131638","0","994842","0","230","136566","0"
"2013-14","CEPU Plumbing Division Queensland Branch","PO Box 3596","","SOUTH BRISBANE","QLD","4101","","0","0","0","0","0","0","0"
"2013-14","CFMEU - Construction & General Division (WA Branch)","PO Box 8075","","PERTH BC","WA","6849","","78127","78127","0","0","0","0","0"
"2013-14","CFMEU - Construction & General Division, National Office","PO Box Q235","QVB Post Office","SYDNEY","NSW","1230","","25196","0","24678","518","0","0","0"
"2013-14","Electrical Trades Union of Australia NSW Branch","Level 5/370 Pitt Street","","SYDNEY","NSW","2000","","0","0","0","0","0","0","0"
"2013-14","GetUp Limited","Level 1, 64-76 Kippax Street","","SURRY HILLS","NSW","2010","","6831419","0","847333","1504178","1275","4478633","115620"
"2013-14","Greenpeace Australia Pacific Limited","Level 2","33 Mountain Street","ULTIMO","NSW","2007","","53641","53641","0","0","0","0","0"
"2013-14","Health Services Union - National Office","Suite 46, 255 Drummond Street","","CARLTON","VIC","3053","","0","0","0","0","0","0","0"
"2013-14","Media Entertainment & Arts Alliance","PO Box 723","","STRAWBERRY HILLS","NSW","2012","","412836","23158","389678","0","0","0","0"
"2013-14","National Tertiary Education Union (NTEU)","PO Box 1323","","SOUTH MELBOURNE","VIC","3205","","1031409","99931","92775","790319","30394","17990","0"
"2013-14","National Union of Workers - National Office","PO Box 343","","NORTH MELBOURNE","VIC","3051","","185662","4177","68619","0","47325","65541","0"
"2013-14","New South Wales Local Government Clerical Administrative Energy Airlines & Utilities Union T/A United Services Union","Level 7, 321 Pitt Street","","SYDNEY","NSW","2000","","71979","0","63569","0","0","8410","0"
"2013-14","New South Wales Nurses and Midwives' Association","50 O'Dea Avenue","","WATERLOO","NSW","2017","","1733717","0","25140","1682177","26400","0","0"
"2013-14","Queensland Teachers Union of Employees","PO Box 1750","","MILTON","QLD","4064","","39929","0","0","0","0","39929","0"
"2013-14","Shop Assistants & Warehouse Employees' Federation of Australia-Newcastle & Northern NSW","PO Box 2211","","DANGAR","NSW","2309","","0","0","0","0","0","0","0"
"2013-14","Shop Distributive & Allied Employees Association - VIC Branch","65 Southbank Boulevard","","SOUTHBANK","VIC","3006","","93131","77035","0","0","16096","0","0"
"2013-14","Shop Distributive & Allied Employees' Association NSW Branch","PO Box K230","","HAYMARKET","NSW","1240","","0","0","0","0","0","0","0"
"2013-14","Shop Distributive & Allied Employees' Association of Western Australia","5th Floor, 25 Barrack Street","","PERTH","WA","6000","","23056","0","456","0","22600","0","0"
"2013-14","Shop Distributive and Allied Employees Association (QLD Branch)","PO Box 490","","SPRING HILL","QLD","4004","","90646","16042","0","0","0","74604","0"
"2013-14","The Climate Institute","Level 15, 179 Elizabeth St","","Sydney","NSW","2000","","81700","9650","27500","5900","38650","0","220000"
"2013-14","The Food Preservers' Union of Western Australia Union of Workers","5th Floor,","25 Barrack Street","PERTH","WA","6000","","0","0","0","0","0","0","0"
"2013-14","Transport Workers Union of New South Wales","PO Box 54","","MINCHINBURY","NSW","2770","","0","0","0","0","0","0","0"
"2013-14","Unions NSW","Level 3 4-10 Goulburn Street","","SYDNEY","NSW","2000","","103266","33266","28200","0","41800","0","0"
"2013-14","United Workers Union","Locked Bag 9","","HAYMARKET","NSW","1240","","627982","207284","165998","0","67815","186885","0"
"2013-14","Universities Australia","GPO Box 1142","","DEAKIN","ACT","2601","","2488506","0","26520","2423751","38235","0","5000000"
"2013-14","World Wide Fund for Nature Australia","GPO Box 528","","SYDNEY","NSW","2001","","741683","0","695373","0","46310","0","1371000"
"2012-13","AEU NSW Teachers Federation","Locked Bag 3010","","DARLINGHURST","NSW","1300","","918682","0","107243","641337","0","170102","0"
"2012-13","Alliance of Australian Retailers Pty Ltd","14 Ross Street","","NORTH PARRAMATTA","NSW","2151","","19354","0","19354","0","0","0","0"
"2012-13","Australian Automobile Association","GPO Box 1555","","CANBERRA","ACT","2601","","1123131","173971","26214","729333","64694","128919","1499997"
"2012-13","Australian Conservation Foundation Incorporated","Level 1,","60 Leicester Street","CARLTON","VIC","3053","","30081","0","9561","0","18450","2070","0"
"2012-13","Australian Council of Trade Unions","Level 6, 365 Queen Street","","MELBOURNE","VIC","3000","","929850","68550","791790","0","21323","48187","3749302"
"2012-13","Australian Education Union ","120 Clarendon Street","","SOUTHBANK","VIC","3006","","6209465","18174","1030037","5026453","134801","0","0"
"2012-13","Australian Education Union Victorian Branch","PO Box 363","","ABBOTSFORD","VIC","3067","","101790","0","101790","0","0","0","0"
"2012-13","Australian Federated Union of Locomotive Employees","41 Peel Street","","SOUTH BRISBANE","QLD","4101","","0","0","0","0","0","0","0"
"2012-13","Australian Municipal Administrative Clerical and Services Union ","Ground Floor 116 Queensberry Street","","CARLTON SOUTH","VIC","3053","","255897","255897","0","0","0","0","0"
"2012-13","Australian Rail Tram & Bus Industry Union NSW Branch","Level 4","321 Pitt Street","SYDNEY","NSW","2000","","0","0","0","0","0","0","0"
"2012-13","Australian Trucking Association Ltd","Minter Ellison Building","25 National Circuit","FORREST","ACT","2603","","37352","0","10040","0","11304","16008","77000"
"2012-13","Australian Workers Union WA Branch","PO Box 8122","Perth Business Centre","PERTH","WA","6849","","13637","0","13637","0","0","0","0"
"2012-13","Automotive Food Metals Engineering Printing & Kindred Ind. Union","PO Box 160","","GRANVILLE","NSW","2142","","251463","0","251235","0","228","0","0"
"2012-13","Campaign for Small Business Pty Ltd","PO Box 6005","","KINGSTON","ACT","2604","","870286","0","495469","374817","0","0","0"
"2012-13","CEPU Plumbing Division Queensland Branch","PO Box 3596","","SOUTH BRISBANE","QLD","4101","","0","0","0","0","0","0","0"
"2012-13","CFMEU - Construction & General Division (WA Branch)","PO Box 8075","","PERTH BC","WA","6849","","100551","48055","0","0","52496","0","0"
"2012-13","CFMEU - Construction & General Division, National Office","PO Box Q235","QVB Post Office","SYDNEY","NSW","1230","","32958","0","32420","538","0","0","0"
"2012-13","Council of Mayors (SEQ) Pty Ltd","PO Box 12995","","GEORGE STREET","QLD","4003","","221780","0","6422","213159","0","2199","0"
"2012-13","Electrical Trades Union of Australia NSW Branch","Level 5/370 Pitt Street","","SYDNEY","NSW","2000","","0","0","0","0","0","0","0"
"2012-13","GetUp Limited","Level 1, 64-76 Kippax Street","","SURRY HILLS","NSW","2010","","3035260","0","223673","213782","4070","2593735","40000"
"2012-13","Greenpeace Australia Pacific Limited","Level 2","33 Mountain Street","ULTIMO","NSW","2007","","78274","78274","0","0","0","0","0"
"2012-13","Health Services Union - National Office","Suite 46, 255 Drummond Street","","CARLTON","VIC","3053","","0","0","0","0","0","0","0"
"2012-13","Imperial Tobacco Australia","4-8 Inglewood Place","","BAULKHAM HILLS","NSW","2153","","54479","0","54479","0","0","0","0"
"2012-13","Media Entertainment & Arts Alliance","PO Box 723","","STRAWBERRY HILLS","NSW","2012","","300722","22019","278703","0","0","0","0"
"2012-13","Minerals Council of Australia","PO Box 4497","","KINGSTON","ACT","2604","","1794303","0","449450","1344853","0","0","0"
"2012-13","National Union of Workers - National Office","PO Box 343","","NORTH MELBOURNE","VIC","3051","","43908","0","605","0","0","43303","0"
"2012-13","New South Wales Local Government Clerical Administrative Energy Airlines & Utilities Union T/A United Services Union","Level 7, 321 Pitt Street","","SYDNEY","NSW","2000","","20236","0","20236","0","0","0","0"
"2012-13","New South Wales Nurses and Midwives' Association","50 O'Dea Avenue","","WATERLOO","NSW","2017","","45848","0","0","27522","18326","0","0"
"2012-13","NSW Business Chamber Limited","140 Arthur Street","","NORTH SYDNEY","NSW","2060","","773228","0","157448","99000","0","516780","0"
"2012-13","Philip Morris Limited","Level 6, 30 Convention Centre Place","","SOUTH WHARF","VIC","3006","","49741","30382","5103","0","14256","0","0"
"2012-13","Queensland Nurses and Midwives' Union","106 Victoria Street","","WEST END","QLD","4101","","350173","350173","0","0","0","0","0"
"2012-13","Queensland Teachers Union of Employees","PO Box 1750","","MILTON","QLD","4064","","121684","0","0","0","0","121684","0"
"2012-13","Shop Assistants & Warehouse Employees' Federation of Australia-Newcastle & Northern NSW","PO Box 2211","","DANGAR","NSW","2309","","0","0","0","0","0","0","0"
"2012-13","Shop Distributive & Allied Employees Association - VIC Branch","65 Southbank Boulevard","","SOUTHBANK","VIC","3006","","0","0","0","0","0","0","0"
"2012-13","Shop Distributive & Allied Employees' Association NSW Branch","PO Box K230","","HAYMARKET","NSW","1240","","0","0","0","0","0","0","0"
"2012-13","Shop Distributive & Allied Employees' Association of Western Australia","5th Floor, 25 Barrack Street","","PERTH","WA","6000","","0","0","0","0","0","0","0"
"2012-13","Shop Distributive and Allied Employees Association (QLD Branch)","PO Box 490","","SPRING HILL","QLD","4004","","0","0","0","0","0","0","0"
"2012-13","The Climate Institute","Level 15, 179 Elizabeth St","","Sydney","NSW","2000","","27250","0","0","0","27250","0","0"
"2012-13","The Food Preservers' Union of Western Australia Union of Workers","5th Floor,","25 Barrack Street","PERTH","WA","6000","","0","0","0","0","0","0","0"
"2012-13","The Wilderness Society Limited","132 Davey Street","","HOBART","TAS","7000","","25186","0","25186","0","0","0","0"
"2012-13","Transport Workers Union of Australia SA/NT Branch","PO Box 137","","WELLAND","SA","5007","","0","0","0","0","0","0","0"
"2012-13","Transport Workers Union of New South Wales","PO Box 54","","MINCHINBURY","NSW","2770","","0","0","0","0","0","0","0"
"2012-13","Unions NSW","Level 3 4-10 Goulburn Street","","SYDNEY","NSW","2000","","26996","17320","1716","0","7960","0","0"
"2012-13","United Workers Union","Locked Bag 9","","HAYMARKET","NSW","1240","","1099114","344375","142204","593479","15449","3607","0"
"2012-13","Universities Australia","GPO Box 1142","","DEAKIN","ACT","2601","","4753519","0","126043","4528976","98500","0","0"
"2011-12","Alliance of Australian Retailers Pty Ltd","14 Ross Street","","NORTH PARRAMATTA","NSW","2151","","60105","0","28755","0","31350","0","60105"
"2011-12","Association of Mining and Exploration Companies","PO Box 948","","WEST PERTH","WA","6872","","256989","0","256989","0","0","0","0"
"2011-12","Australian Christian Lobby","4 Campion Street","","DEAKIN","ACT","2600","","0","0","0","0","0","0","0"
"2011-12","Australian Council of Trade Unions","Level 6, 365 Queen Street","","MELBOURNE","VIC","3000","","424131","0","0","27500","361940","34691","102721"
"2011-12","Australian Education Union ","120 Clarendon Street","","SOUTHBANK","VIC","3006","","1795697","0","214341","1464756","116600","0","0"
"2011-12","Australian Federated Union of Locomotive Employees","41 Peel Street","","SOUTH BRISBANE","QLD","4101","","0","0","0","0","0","0","0"
"2011-12","Australian Rail Tram & Bus Industry Union NSW Branch","Level 4","321 Pitt Street","SYDNEY","NSW","2000","","0","0","0","0","0","0","0"
"2011-12","Australian Trade & Industry Alliance Pty Ltd","GPO Box 240","","CANBERRA","ACT","2601","","9261234","0","1725074","7536160","0","0","0"
"2011-12","Australian Workers Union WA Branch","PO Box 8122","Perth Business Centre","PERTH","WA","6849","","0","0","0","0","0","0","0"
"2011-12","Automotive Food Metals Engineering Printing & Kindred Ind. Union","PO Box 160","","GRANVILLE","NSW","2142","","96868","0","96650","0","218","0","0"
"2011-12","CEPU - Electrical Division QLD & NT ","PO Box 3520","","SOUTH BRISBANE","QLD","4101","","0","0","0","0","0","0","0"
"2011-12","CEPU Plumbing Division Queensland Branch","PO Box 3596","","SOUTH BRISBANE","QLD","4101","","0","0","0","0","0","0","0"
"2011-12","CFMEU - Construction & General Division (WA Branch)","PO Box 8075","","PERTH BC","WA","6849","","41537","41537","0","0","0","0","0"
"2011-12","CFMEU - Construction & General Division, National Office","PO Box Q235","QVB Post Office","SYDNEY","NSW","1230","","24846","0","23881","965","0","0","0"
"2011-12","Council of Mayors (SEQ) Pty Ltd","PO Box 12995","","GEORGE STREET","QLD","4003","","71500","0","0","0","0","71500","0"
"2011-12","Electrical Trades Union of Australia NSW Branch","Level 5/370 Pitt Street","","SYDNEY","NSW","2000","","0","0","0","0","0","0","0"
"2011-12","Electrical Trades Union of Employees Queensland","PO Box 3520","","SOUTH BRISBANE","QLD","4101","","14950","0","14950","0","0","0","0"
"2011-12","Gaming Technologies Association Limited","Level 34","50 Bridge Street","SYDNEY","NSW","2000","","780592","0","155219","555883","69490","0","0"
"2011-12","GetUp Limited","Level 1, 64-76 Kippax Street","","SURRY HILLS","NSW","2010","","1782718","0","368349","500601","22409","891359","60000"
"2011-12","Greenpeace Australia Pacific Limited","Level 2","33 Mountain Street","ULTIMO","NSW","2007","","55474","35331","0","0","20143","0","0"
"2011-12","Health Services Union - National Office","Suite 46, 255 Drummond Street","","CARLTON","VIC","3053","","0","0","0","0","0","0","0"
"2011-12","Imperial Tobacco Australia","4-8 Inglewood Place","","BAULKHAM HILLS","NSW","2153","","40292","0","40292","0","0","0","0"
"2011-12","Media Entertainment & Arts Alliance","PO Box 723","","STRAWBERRY HILLS","NSW","2012","","181252","16719","164533","0","0","0","0"
"2011-12","Minerals Council of Australia","PO Box 4497","","KINGSTON","ACT","2604","","792262","0","72366","719896","0","0","0"
"2011-12","National Union of Workers - National Office","PO Box 343","","NORTH MELBOURNE","VIC","3051","","0","0","0","0","0","0","0"
"2011-12","New South Wales Local Government Clerical Administrative Energy Airlines & Utilities Union T/A United Services Union","Level 7, 321 Pitt Street","","SYDNEY","NSW","2000","","12059","0","12059","0","0","0","0"
"2011-12","Queensland Resources Council","Level 13","133 Mary Street","BRISBANE","QLD","4000","","29591","0","29591","0","0","0","0"
"2011-12","Registered Clubs Association of NSW (t/as ClubsNSW)","Level 8, 51 Druitt Street","","SYDNEY","NSW","2000","","3478581","0","695449","2477376","305756","0","2434823"
"2011-12","Sanofi-Aventis Australia Pty Ltd","Locked Bag 2227","","NORTH RYDE BC","NSW","1670","","0","0","0","0","0","0","0"
"2011-12","Shop Assistants & Warehouse Employees' Federation of Australia-Newcastle & Northern NSW","PO Box 2211","","DANGAR","NSW","2309","","0","0","0","0","0","0","0"
"2011-12","Shop Distributive & Allied Employees Association - VIC Branch","65 Southbank Boulevard","","SOUTHBANK","VIC","3006","","0","0","0","0","0","0","0"
"2011-12","Shop Distributive & Allied Employees' Association NSW Branch","PO Box K230","","HAYMARKET","NSW","1240","","0","0","0","0","0","0","0"
"2011-12","Shop Distributive & Allied Employees' Association of Western Australia","5th Floor, 25 Barrack Street","","PERTH","WA","6000","","0","0","0","0","0","0","0"
"2011-12","Shop Distributive and Allied Employees Association (QLD Branch)","PO Box 490","","SPRING HILL","QLD","4004","","0","0","0","0","0","0","0"
"2011-12","The Climate Institute","Level 15, 179 Elizabeth St","","Sydney","NSW","2000","","0","0","0","0","0","0","0"
"2011-12","The Food Preservers' Union of Western Australia Union of Workers","5th Floor,","25 Barrack Street","PERTH","WA","6000","","0","0","0","0","0","0","0"
"2011-12","The Wilderness Society Limited","132 Davey Street","","HOBART","TAS","7000","","32943","0","32943","0","0","0","0"
"2011-12","Transport Workers Union of Australia SA/NT Branch","PO Box 137","","WELLAND","SA","5007","","0","0","0","0","0","0","0"
"2011-12","Transport Workers Union of New South Wales","PO Box 54","","MINCHINBURY","NSW","2770","","0","0","0","0","0","0","0"
"2011-12","United Workers Union","Locked Bag 9","","HAYMARKET","NSW","1240","","214099","126004","83595","0","4500","0","0"
"2011-12","Western Australian Prison Officers' Union of Workers","63 Railway Parade","","MT LAWLEY","WA","6050","","0","0","0","0","0","0","0"
"2010-2011","Alliance of Australian Retailers Pty Ltd","14 Ross Street","","NORTH PARRAMATTA","NSW","2151","","9162640","0","6275645","2196062","690933","0","9164640"
"2010-2011","Association of Mining and Exploration Companies","PO Box 948","","WEST PERTH","WA","6872","","2259443","0","387286","1856683","0","15474","525000"
"2010-2011","Australian Christian Lobby","4 Campion Street","","DEAKIN","ACT","2600","","142768","0","0","0","2500","140268","143636"
"2010-2011","Australian Conservation Foundation Incorporated","Level 1,","60 Leicester Street","CARLTON","VIC","3053","","242426","0","88000","31358","33172","89896","0"
"2010-2011","Australian Council of Trade Unions","Level 6, 365 Queen Street","","MELBOURNE","VIC","3000","","6512428","111628","279068","5692182","376404","53146","2175502"
"2010-2011","Australian Education Union ","120 Clarendon Street","","SOUTHBANK","VIC","3006","","1729981","0","20639","1624862","84480","0","0"
"2010-2011","Australian Federated Union of Locomotive Employees","41 Peel Street","","SOUTH BRISBANE","QLD","4101","","0","0","0","0","0","0","0"
"2010-2011","Australian Municipal Administrative Clerical and Services Union ","Ground Floor 116 Queensberry Street","","CARLTON SOUTH","VIC","3053","","141107","3983","3088","0","0","134036","0"
"2010-2011","Australian Rail Tram & Bus Industry Union NSW Branch","Level 4","321 Pitt Street","SYDNEY","NSW","2000","","65927","0","0","0","0","65927","0"
"2010-2011","Automotive Food Metals Engineering Printing & Kindred Ind. Union","PO Box 160","","GRANVILLE","NSW","2142","","82161","0","60675","11735","9751","0","0"
"2010-2011","BERWICK RANGES 500 CLUB","P O BOX 280","","NARR WARREN","VIC","3805","","127500","127500","0","0","0","0","0"
"2010-2011","CEPU - Electrical Division QLD & NT ","PO Box 3520","","SOUTH BRISBANE","QLD","4101","","0","0","0","0","0","0","0"
"2010-2011","CEPU Plumbing Division Queensland Branch","PO Box 3596","","SOUTH BRISBANE","QLD","4101","","0","0","0","0","0","0","0"
"2010-2011","CFMEU - Construction & General Division, National Office","PO Box Q235","QVB Post Office","SYDNEY","NSW","1230","","50842","15805","32113","2924","0","0","0"
"2010-2011","Electrical Trades Union of Australia NSW Branch","Level 5/370 Pitt Street","","SYDNEY","NSW","2000","","25836","0","25836","0","0","0","0"
"2010-2011","Electrical Trades Union of Employees Queensland","PO Box 3520","","SOUTH BRISBANE","QLD","4101","","0","0","0","0","0","0","0"
"2010-2011","EMILY's List Australia","Level 2, Queen Victoria Women's Centre","210 Lonsdale Street","MELBOURNE","VIC","3000","","25290","7128","10828","0","7334","0","0"
"2010-2011","GetUp Limited","Level 1, 64-76 Kippax Street","","SURRY HILLS","NSW","2010","","5054795","0","699265","1550617","28680","2776233","1215000"
"2010-2011","Greenpeace Australia Pacific Limited","Level 2","33 Mountain Street","ULTIMO","NSW","2007","","51931","51931","0","0","0","0","0"
"2010-2011","Health Services Union - National Office","Suite 46, 255 Drummond Street","","CARLTON","VIC","3053","","79700","0","0","0","0","79700","0"
"2010-2011","Imperial Tobacco Australia","4-8 Inglewood Place","","BAULKHAM HILLS","NSW","2153","","4257134","0","1499347","2731817","0","25970","0"
"2010-2011","Media Entertainment & Arts Alliance","PO Box 723","","STRAWBERRY HILLS","NSW","2012","","313529","17090","296439","0","0","0","0"
"2010-2011","Minerals Council of Australia","PO Box 4497","","KINGSTON","ACT","2604","","3997959","0","699267","3298692","0","0","0"
"2010-2011","National Civic Council","PO Box 251","","BALWYN","VIC","3103","","44015","0","44015","0","0","0","0"
"2010-2011","National Union of Workers - National Office","PO Box 343","","NORTH MELBOURNE","VIC","3051","","19616","0","0","0","19616","0","0"
"2010-2011","New South Wales Local Government Clerical Administrative Energy Airlines & Utilities Union T/A United Services Union","Level 7, 321 Pitt Street","","SYDNEY","NSW","2000","","13505","0","13505","0","0","0","0"
"2010-2011","New South Wales Nurses and Midwives' Association","50 O'Dea Avenue","","WATERLOO","NSW","2017","","1676258","0","17907","1587796","12100","58455","418121"
"2010-2011","Philip Morris Limited","Level 6, 30 Convention Centre Place","","SOUTH WHARF","VIC","3006","","490000","0","0","0","0","490000","0"
"2010-2011","Public Service Association of New South Wales","GPO Box 3365","","SYDNEY","NSW","2001","","55333","30452","0","0","0","24881","0"
"2010-2011","Queensland Council of Unions (QCU)","Level 5","16 Peel Street","SOUTH BRISBANE","QLD","4101","","55877","0","22415","32442","1020","0","0"
"2010-2011","Queensland Nurses Union of Employees","GPO Box 1289","","BRISBANE","QLD","4001","","412821","16091","11730","385000","0","0","0"
"2010-2011","Registered Clubs Association of NSW (t/as ClubsNSW)","Level 8, 51 Druitt Street","","SYDNEY","NSW","2000","","948701","0","249609","514224","184868","0","216197"
"2010-2011","Shop Assistants & Warehouse Employees' Federation of Australia-Newcastle & Northern NSW","PO Box 2211","","DANGAR","NSW","2309","","23659","0","23659","0","0","0","0"
"2010-2011","Shop Distributive & Allied Employees Association - VIC Branch","65 Southbank Boulevard","","SOUTHBANK","VIC","3006","","49162","28955","0","0","20207","0","0"
"2010-2011","Shop Distributive & Allied Employees' Association NSW Branch","PO Box K230","","HAYMARKET","NSW","1240","","0","0","0","0","0","0","0"
"2010-2011","Shop Distributive and Allied Employees Association (QLD Branch)","PO Box 490","","SPRING HILL","QLD","4004","","17653","0","0","0","17653","0","0"
"2010-2011","The Climate Institute","Level 15, 179 Elizabeth St","","Sydney","NSW","2000","","237895","55446","61942","101473","19034","0","0"
"2010-2011","The Wilderness Society Limited","132 Davey Street","","HOBART","TAS","7000","","15245","1992","13253","0","0","0","0"
"2010-2011","Transport Workers Union of Australia SA/NT Branch","PO Box 137","","WELLAND","SA","5007","","27452","0","27452","0","0","0","0"
"2010-2011","Transport Workers Union of New South Wales","PO Box 54","","MINCHINBURY","NSW","2770","","0","0","0","0","0","0","0"
"2010-2011","Unions NSW","Level 3 4-10 Goulburn Street","","SYDNEY","NSW","2000","","225931","0","152167","73764","0","0","0"
"2010-2011","United Workers Union","Locked Bag 9","","HAYMARKET","NSW","1240","","657359","308723","105153","50625","86876","105982","0"
"2010-2011","World Wide Fund for Nature Australia","GPO Box 528","","SYDNEY","NSW","2001","","214697","0","20936","0","48867","144894","0"
"2009-2010","Association of Mining and Exploration Companies","PO Box 948","","WEST PERTH","WA","6872","","273996","0","14175","257921","0","1900","1785000"
"2009-2010","Australian Christian Lobby","4 Campion Street","","DEAKIN","ACT","2600","","78441","0","0","0","0","78441","0"
"2009-2010","Australian Conservation Foundation Incorporated","Level 1,","60 Leicester Street","CARLTON","VIC","3053","","21702","0","7135","0","14567","0","0"
"2009-2010","Australian Council of Trade Unions","Level 6, 365 Queen Street","","MELBOURNE","VIC","3000","","2117586","1151168","209054","44030","547304","166030","214914"
"2009-2010","Australian Education Union ","120 Clarendon Street","","SOUTHBANK","VIC","3006","","78545","0","23041","0","55504","0","0"
"2009-2010","Australian Federated Union of Locomotive Employees","41 Peel Street","","SOUTH BRISBANE","QLD","4101","","0","0","0","0","0","0","0"
"2009-2010","Australian Rail Tram & Bus Industry Union NSW Branch","Level 4","321 Pitt Street","SYDNEY","NSW","2000","","66360","0","0","0","0","66360","0"
"2009-2010","Automotive Food Metals Engineering Printing & Kindred Ind. Union","PO Box 160","","GRANVILLE","NSW","2142","","24637","0","24637","0","0","0","0"
"2009-2010","BHP Billiton Limited","180 Lonsdale Street","","MELBOURNE","VIC","3000","","4210755","0","4126790","0","83965","0","0"
"2009-2010","CEPU - Electrical Division QLD & NT ","PO Box 3520","","SOUTH BRISBANE","QLD","4101","","0","0","0","0","0","0","0"
"2009-2010","CFMEU - Construction & General Division, National Office","PO Box Q235","QVB Post Office","SYDNEY","NSW","1230","","89749","0","29539","0","0","60210","0"
"2009-2010","CFMEU Mining & Energy Division - National Office","PO Box Q1641","","SYDNEY","NSW","1230","","0","0","0","0","0","0","0"
"2009-2010","Electrical Trades Union of Employees Queensland","PO Box 3520","","SOUTH BRISBANE","QLD","4101","","0","0","0","0","0","0","0"
"2009-2010","EMILY's List Australia","Level 2, Queen Victoria Women's Centre","210 Lonsdale Street","MELBOURNE","VIC","3000","","15773","378","785","0","14610","0","12000"
"2009-2010","Galaxy Research","PO Box 5272","","WEST CHATSWOOD","NSW","1515","","0","0","0","0","0","0","0"
"2009-2010","GetUp Limited","Level 1, 64-76 Kippax Street","","SURRY HILLS","NSW","2010","","1962406","0","48285","204125","27441","1682555","97000"
"2009-2010","Greenpeace Australia Pacific Limited","Level 2","33 Mountain Street","ULTIMO","NSW","2007","","87791","81791","0","0","6000","0","0"
"2009-2010","Media Entertainment & Arts Alliance","PO Box 723","","STRAWBERRY HILLS","NSW","2012","","127189","32055","95134","0","0","0","0"
"2009-2010","Minerals Council of Australia","PO Box 4497","","KINGSTON","ACT","2604","","17184924","0","3136866","14048058","0","0","110000"
"2009-2010","New South Wales Local Government Clerical Administrative Energy Airlines & Utilities Union T/A United Services Union","Level 7, 321 Pitt Street","","SYDNEY","NSW","2000","","18599","0","18599","0","0","0","0"
"2009-2010","Queensland Resources Council","Level 13","133 Mary Street","BRISBANE","QLD","4000","","133153","0","133153","0","0","0","122782"
"2009-2010","Queensland Teachers Union of Employees","PO Box 1750","","MILTON","QLD","4064","","28160","0","0","0","28160","0","0"
"2009-2010","RACV Limited","Level 7","485 Bourke Street","MELBOURNE","VIC","3000","","0","0","0","0","0","0","0"
"2009-2010","Rio Tinto Ltd","GPO Box 384D","","MELBOURNE","VIC","3001","","537857","0","537857","0","0","0","0"
"2009-2010","Shop Assistants & Warehouse Employees' Federation of Australia-Newcastle & Northern NSW","PO Box 2211","","DANGAR","NSW","2309","","3548","0","3353","0","0","195","0"
"2009-2010","Shop Distributive & Allied Employees Association - VIC Branch","65 Southbank Boulevard","","SOUTHBANK","VIC","3006","","35864","27463","8401","0","0","0","0"
"2009-2010","Shop Distributive & Allied Employees' Association NSW Branch","PO Box K230","","HAYMARKET","NSW","1240","","0","0","0","0","0","0","0"
"2009-2010","Shop Distributive & Allied Employees' Association of Western Australia","5th Floor, 25 Barrack Street","","PERTH","WA","6000","","0","0","0","0","0","0","0"
"2009-2010","The Climate Institute","Level 15, 179 Elizabeth St","","Sydney","NSW","2000","","134425","0","0","134425","0","0","1000"
"2009-2010","The Wilderness Society Limited","132 Davey Street","","HOBART","TAS","7000","","67981","0","0","11093","0","56888","0"
"2009-2010","Transport Workers Union of Australia - Federal Council","Level 2, 388-390 Sussex St","","SYDNEY SOUTH","NSW","2000","","313414","0","313414","0","0","0","0"
"2009-2010","Transport Workers Union of Australia SA/NT Branch","PO Box 137","","WELLAND","SA","5007","","18491","0","18491","0","0","0","0"
"2009-2010","Transport Workers Union of New South Wales","PO Box 54","","MINCHINBURY","NSW","2770","","0","0","0","0","0","0","0"
"2009-2010","Unions NSW","Level 3 4-10 Goulburn Street","","SYDNEY","NSW","2000","","0","0","0","0","0","0","0"
"2009-2010","United Workers Union","Locked Bag 9","","HAYMARKET","NSW","1240","","313016","196621","90732","0","25663","0","0"
"2008-2009","Aged Care Assoc. Australia - SA Inc.","Unit 5, 259 Glen Osmond Road","","FREWVILLE","SA","5063","","11170","11170","0","0","0","0","0"
"2008-2009","Australian Conservation Foundation Incorporated","Level 1,","60 Leicester Street","CARLTON","VIC","3053","","0","0","0","0","0","0","0"
"2008-2009","Australian Council of Trade Unions","Level 6, 365 Queen Street","","MELBOURNE","VIC","3000","","2444580","1367617","71118","36452","307320","662073","3427869"
"2008-2009","Australian Education Union ","120 Clarendon Street","","SOUTHBANK","VIC","3006","","1499260","0","77560","1234108","180180","7412","0"
"2008-2009","Australian Rail Tram & Bus Industry Union NSW Branch","Level 4","321 Pitt Street","SYDNEY","NSW","2000","","93958","0","0","0","0","93958","0"
"2008-2009","Auto, Food, Metals, Engin Printing & Kindred Industry Union","PO Box 844","","GRANVILLE","NSW","2142","","24008","0","24008","0","0","0","0"
"2008-2009","CEPU - Electrical Division QLD & NT ","PO Box 3520","","SOUTH BRISBANE","QLD","4101","","872654","25000","136560","7835","0","703259","0"
"2008-2009","CFMEU","PO Box 6681","","EAST PERTH","WA","6892","","20777","20777","0","0","0","0","0"
"2008-2009","CFMEU Mining & Energy Division - National Office","PO Box Q1641","","SYDNEY","NSW","1230","","0","0","0","0","0","0","0"
"2008-2009","Electrical Trades Union of Employees Queensland","PO Box 3520","","SOUTH BRISBANE","QLD","4101","","29450","4450","0","0","0","25000","0"
"2008-2009","EMILY's List Australia","Level 2, Queen Victoria Women's Centre","210 Lonsdale Street","MELBOURNE","VIC","3000","","0","0","0","0","0","0","0"
"2008-2009","GetUp Limited","Level 1, 64-76 Kippax Street","","SURRY HILLS","NSW","2010","","237183","0","143059","60929","17100","16095","137500"
"2008-2009","Greenpeace Australia Pacific Limited","Level 2","33 Mountain Street","ULTIMO","NSW","2007","","53714","46644","0","0","7070","0","0"
"2008-2009","Health Services Union - National Office","Suite 46, 255 Drummond Street","","CARLTON","VIC","3053","","200000","0","200000","0","0","0","0"
"2008-2009","Master Builders Association of Western Australia","PO Box 167","","WEST PERTH","WA","6872","","0","0","0","0","0","0","0"
"2008-2009","Media Entertainment & Arts Alliance","PO Box 723","","STRAWBERRY HILLS","NSW","2012","","162308","2348","159960","0","0","0","0"
"2008-2009","Mr Alan B Jacobs","32/1-7 Bent Street","","LINDFIELD","NSW","2070","","0","0","0","0","0","0","0"
"2008-2009","Mr John Goldbaum","1703/7 Rockwall Crescent","","POTTS POINT","NSW","2011","","0","0","0","0","0","0","0"
"2008-2009","National Union of Workers","PO Box 343","","NORTH MELBOURNE","VIC","3051","","0","0","0","0","0","0","0"
"2008-2009","New South Wales Local Government Clerical Administrative Energy Airlines & Utilities Union T/A United Services Union","Level 7, 321 Pitt Street","","SYDNEY","NSW","2000","","23050","0","23050","0","0","0","0"
"2008-2009","NTN Services ","PO Box 55","","MOOROOKA","QLD","4105","","0","0","0","0","0","0","0"
"2008-2009","Queensland Nurses Union of Employees","GPO Box 1289","","BRISBANE","QLD","4001","","341529","0","79506","262023","0","0","0"
"2008-2009","RACV Limited","Level 7","485 Bourke Street","MELBOURNE","VIC","3000","","0","0","0","0","0","0","0"
"2008-2009","Shop Assistants & Warehouse Employees' Federation of Australia-Newcastle & Northern NSW","PO Box 2211","","DANGAR","NSW","2309","","0","0","0","0","0","0","0"
"2008-2009","Shop Distributive & Allied Employees Association - VIC Branch","65 Southbank Boulevard","","SOUTHBANK","VIC","3006","","0","0","0","0","0","0","0"
"2008-2009","Shop Distributive & Allied Employees' Association NSW Branch","PO Box K230","","HAYMARKET","NSW","1240","","0","0","0","0","0","0","0"
"2008-2009","Shop Distributive & Allied Employees' Association of Western Australia","5th Floor, 25 Barrack Street","","PERTH","WA","6000","","0","0","0","0","0","0","0"
"2008-2009","Shop, Distributive & Allied Employees' Association - National","Sixth Floor","53 Queen Street","MELBOURNE","VIC","3000","","0","0","0","0","0","0","0"
"2008-2009","The 500 Club (WA)","PO Box Z5303","St Georges Terrace","PERTH","WA","6831","","0","0","0","0","0","0","0"
"2008-2009","The Australian Workers' Union of Employees Queensland","GPO Box 88","","BRISBANE","QLD","4000","","0","0","0","0","0","0","0"
"2008-2009","The Climate Institute","Level 15, 179 Elizabeth St","","Sydney","NSW","2000","","12000","0","0","0","12000","0","0"
"2008-2009","The Wilderness Society Limited","132 Davey Street","","HOBART","TAS","7000","","32459","0","0","0","0","32459","0"
"2008-2009","Transport Workers Union of Australia - Federal Council","Level 2, 388-390 Sussex St","","SYDNEY SOUTH","NSW","2000","","173400","0","173400","0","0","0","0"
"2008-2009","Transport Workers Union of Australia - NSW Branch","PO Box 54","","MOUNT DRUITT","NSW","2770","","0","0","0","0","0","0","0"
"2008-2009","Transport Workers Union of New South Wales","PO Box 54","","MINCHINBURY","NSW","2770","","143542","0","143542","0","0","0","0"
"2008-2009","Unions NSW","Level 3 4-10 Goulburn Street","","SYDNEY","NSW","2000","","0","0","0","0","0","0","0"
"2008-2009","United Workers Union","Locked Bag 9","","HAYMARKET","NSW","1240","","291916","21888","270028","0","0","0","0"
"2008-2009","Western Australian Prison Officers' Union of Workers","63 Railway Parade","","MT LAWLEY","WA","6050","","0","0","0","0","0","0","0"
"2007-2008","Aged Care Assoc. Australia - SA Inc.","Unit 5, 259 Glen Osmond Road","","FREWVILLE","SA","5063","","18000","0","18000","0","0","0","0"
"2007-2008","Australasian Meat Industry Employees Union - Federal Council","Level 1","39 Lytton Road","EAST BRISBANE","QLD","4169","","145112","6490","6490","122397","0","9735","0"
"2007-2008","Australasian Meat Industry Employees' Union - QLD Branch","Level 1","39 Lytton Road","EAST BRISBANE","QLD","4169","","41401","32240","0","0","3432","5729","0"
"2007-2008","Australian Christian Lobby","4 Campion Street","","DEAKIN","ACT","2600","","113239","0","31716","81523","0","0","113239"
"2007-2008","Australian Conservation Foundation Incorporated","Level 1,","60 Leicester Street","CARLTON","VIC","3053","","203731","0","39326","0","12138","152267","17000"
"2007-2008","Australian Council of Trade Unions","Level 6, 365 Queen Street","","MELBOURNE","VIC","3000","","15834139","182731","387047","14420546","843815","0","14364300"
"2007-2008","Australian Education Union ","120 Clarendon Street","","SOUTHBANK","VIC","3006","","1125345","0","21951","840934","260435","2025","0"
"2007-2008","Australian Municipal Administrative Clerical and Services Union ","Ground Floor,  116-124 Queensberry Street","","CARLTON SOUTH","VIC","3053","","1304388","0","32722","0","21440","1250226","0"
"2007-2008","Australian Rail Tram & Bus Industry Union NSW Branch","Level 4","321 Pitt Street","SYDNEY","NSW","2000","","240974","0","0","0","0","240974","0"
"2007-2008","Automotive Food Metals Engineering Printing & Kindred Ind. Union","PO Box 160","","GRANVILLE","NSW","2142","","277288","77848","42109","0","50281","107050","0"
"2007-2008","Batten Management Services","GPO Box 512","","SYDNEY","NSW","2001","","68885","0","68885","0","0","0","0"
"2007-2008","Business Council of Australia","GPO Box 1472","","MELBOURNE","VIC","3001","","2305645","0","194804","2110841","0","0","0"
"2007-2008","CEPU - Electrical Division QLD & NT ","PO Box 3520","","SOUTH BRISBANE","QLD","4101","","1049000","416000","62000","265000","38000","268000","0"
"2007-2008","CFMEU","PO Box 6681","","EAST PERTH","WA","6892","","104028","67974","36054","0","0","0","0"
"2007-2008","CFMEU - Construction & General Division, National Office","PO Box Q235","QVB Post Office","SYDNEY","NSW","1230","","62686","0","28125","0","0","34561","0"
"2007-2008","CFMEU - Mining Division (Nth NSW District)","PO Box 364","","CESSNOCK","NSW","2325","","50907","0","42298","0","0","8609","0"
"2007-2008","CFMEU Mining & Energy Division - National Office","PO Box Q1641","","SYDNEY","NSW","1230","","152729","0","0","0","12320","140409","0"
"2007-2008","Cormack Foundation Pty Ltd","25 St James Park Drive","","BRIGHTON","VIC","3186","","22000","0","0","0","22000","0","0"
"2007-2008","Delta Hydraulics Pty Ltd","PO Box 20","","DEVONPORT","TAS","7310","","35450","13250","0","0","0","22200","0"
"2007-2008","Developmental Disability Council of WA (Inc)","City West Lotteries House 2 Delhi Street","","WEST PERTH","WA","6005","","0","0","0","0","0","0","0"
"2007-2008","Electrical Trades Union of Employees Queensland","PO Box 3520","","SOUTH BRISBANE","QLD","4101","","398000","163000","0","0","0","235000","0"
"2007-2008","Emily's List (Australia)","Level 2, Queen Victoria Women's Centre","210 Lonsdale Street","MELBOURNE","VIC","3000","","35066","637","0","0","34429","0","0"
"2007-2008","Finance Sector Union of Australia ","National Office","341 Queen Street","MELBOURNE","VIC","3000","","92422","0","0","0","51562","40860","0"
"2007-2008","Focus on Australia Foundation","46 Glenview Road","","UPPER COOMERA","QLD","4209","","1000110","0","400938","599172","0","0","0"
"2007-2008","Forward Brisbane Leadership","PO Box 940","","SPRING HILL","QLD","4004","","1982065","276782","794090","858706","52487","0","0"
"2007-2008","GetUp Limited","Level 1, 64-76 Kippax Street","","SURRY HILLS","NSW","2010","","1277010","0","310748","258041","33562","674659","371947"
"2007-2008","Greenpeace Australia Pacific Limited","Level 2","33 Mountain Street","ULTIMO","NSW","2007","","73416","39946","0","0","0","33470","30000"
"2007-2008","Gunns Limited","PO Box 572","","LAUNCESTON","TAS","7250","","524965","0","345364","179601","0","0","0"
"2007-2008","Health Services Union - National Office","Suite 46, 255 Drummond Street","","CARLTON","VIC","3053","","586673","0","24850","17387","28416","516020","0"
"2007-2008","HSU East","Locked Bag 3","","AUSTRALIA SQUARE","NSW","1215","","645412","8540","616567","20305","0","0","0"
"2007-2008","Independent Education Union (South Australia) Inc.","213 Currie Street","","ADELAIDE","SA","5000","","23605","0","0","0","7717","15888","0"
"2007-2008","Lend Lease Corporation Limited","Locked Bag 1","","MILLERS POINT","NSW","2000","","0","0","0","0","0","0","0"
"2007-2008","LHMU - National, QLD, NSW, VIC, ACT, SA, TAS, & NT Branches","Locked Bag 9","","HAYMARKET","NSW","1240","","826961","240006","4979","6109","47818","528049","0"
"2007-2008","Master Builders Association of Victoria","GPO Box 544","","MELBOURNE ","VIC","3001","","133465","0","79597","50322","0","3546","0"
"2007-2008","Master Builders Association of Western Australia","PO Box 167","","WEST PERTH","WA","6872","","0","0","0","0","0","0","0"
"2007-2008","Media Entertainment & Arts Alliance","PO Box 723","","STRAWBERRY HILLS","NSW","2012","","188195","55106","0","0","0","133089","0"
"2007-2008","Mr Adrian Ross Coward","PO Box 309","","WYNYARD","TAS","7325","","0","0","0","0","0","0","0"
"2007-2008","Mr Alan B Jacobs","32/1-7 Bent Street","","LINDFIELD","NSW","2070","","30913","0","0","0","0","30913","0"
"2007-2008","Mr Bill McHaig","13 Oxford Street","","MALVERN","VIC","3144","","200000","0","200000","0","0","0","0"
"2007-2008","Mr David Hoist","26 Whistler Avenue","","UNLILY PARK","SA","5061","","15000","15000","0","0","0","0","0"
"2007-2008","Mr John Goldbaum","1703/7 Rockwall Crescent","","POTTS POINT","NSW","2011","","0","0","0","0","0","0","0"
"2007-2008","National Business Action Fund","PO Box 6005","","KINGSTON","ACT","2604","","13227897","0","332032","5900027","165900","6829938","7314681"
"2007-2008","National Union of Workers","PO Box 343","","NORTH MELBOURNE","VIC","3051","","646437","12082","14419","5000","56966","557970","0"
"2007-2008","National Union of Workers SA Branch","46 Greenhill Road","","WAYVILLE","SA","5034","","13217","1992","8290","0","390","2545","0"
"2007-2008","Nature Conservation Council of NSW","2/301 Kent Street","","SYDNEY","NSW","2000","","181004","0","30547","0","0","150457","71500"
"2007-2008","NSW Local Gov't Clerical Admin. Energy Air & Utilities T/A USU","Level 7","321 Pitt Street","SYDNEY","NSW","2000","","70224","0","35601","0","34623","0","0"
"2007-2008","NTN Services ","PO Box 55","","MOOROOKA","QLD","4105","","194700","0","194700","0","0","0","0"
"2007-2008","Peter Jordan","Strath Hill, RMB 5570","","STRATHBOGIE","VIC","3666","","66666","66666","0","0","0","0","0"
"2007-2008","Police Association of NSW","Level 4","154 Elizabeth Street","SYDNEY","NSW","2000","","21486","0","528","0","5642","15316","0"
"2007-2008","Queensland Council of Unions (QCU)","Level 5","16 Peel Street","SOUTH BRISBANE","QLD","4101","","633856","178245","116708","273070","0","65833","0"
"2007-2008","Queensland Independent Education Union of Employees","PO Box 418","","FORTITUDE VALLEY","QLD","4008","","11113","1150","8672","0","0","1291","0"
"2007-2008","Queensland Nurses Union of Employees","GPO Box 1289","","BRISBANE","QLD","4001","","403843","224488","157706","0","0","21649","0"
"2007-2008","Queensland Services, Industrial Union of Employees","PO Box 3347","","SOUTH BRISBANE","QLD","4101","","8100","0","0","0","0","8100","0"
"2007-2008","RACV Limited","Level 7","485 Bourke Street","MELBOURNE","VIC","3000","","96539","0","0","0","0","96539","0"
"2007-2008","Shop Assistants & Warehouse Employees' Federation of Australia-Newcastle & Northern NSW","PO Box 2211","","DANGAR","NSW","2309","","39885","0","23504","0","0","16381","0"
"2007-2008","Shop Distributive & Allied Employees' Association","65 Southbank Boulevard","","SOUTHBANK","VIC","3006","","286131","208742","29353","48036","0","0","0"
"2007-2008","Shop Distributive & Allied Employees' Association NSW Branch","PO Box K230","","HAYMARKET","NSW","1240","","57637","7203","22008","0","4063","24363","0"
"2007-2008","Shop Distributive & Allied Employees' Association of Western Australia","5th Floor, 25 Barrack Street","","PERTH","WA","6000","","14985","3655","0","0","11330","0","0"
"2007-2008","Shop, Distributive & Allied Employees' Association - National","Sixth Floor","53 Queen Street","MELBOURNE","VIC","3000","","56538","56538","0","0","0","0","0"
"2007-2008","Shop, Distributive & Allied Employees Association - QLD Branch","PO Box 490","","SPRING HILL PRIVATE BOXES","QLD","4004","","409046","0","0","320925","24773","63348","0"
"2007-2008","Superannuated Cth Officers' Association (Federal Council) Inc","PO Box 107","","MAWSON","ACT","2607","","22410","6275","0","0","0","16135","0"
"2007-2008","The 500 Club (WA)","PO Box Z5303","St Georges Terrace","PERTH","WA","6831","","0","0","0","0","0","0","0"
"2007-2008","The Climate Institute","Level 15, 179 Elizabeth St","","Sydney","NSW","2000","","1393482","0","585960","216238","116554","474730","1000000"
"2007-2008","The Right to Life Australia Incorporated","P.O. Box 8040","","SUMNER","VIC","3057","","69766","0","69766","0","0","0","0"
"2007-2008","The Wilderness Society (Tasmania) Inc","130 Davey Street","","HOBART","TAS","7000","","129194","0","13068","69252","46874","0","0"
"2007-2008","The Wilderness Society Limited","132 Davey Street","","HOBART","TAS","7000","","108090","0","0","0","0","108090","20000"
"2007-2008","Timber Communities Australia","PO Box 172","","CAMPANIA","TAS","7026","","296460","0","225135","71325","0","0","0"
"2007-2008","Timber Communities Australia Ltd","PO Box 289","","DEAKIN WEST","ACT","2600","","0","0","0","0","0","0","0"
"2007-2008","Transport Workers Union (SA/NT Branch)","PO Box 137","","WELLAND","SA","5007","","34100","0","0","0","34100","0","0"
"2007-2008","Transport Workers Union of Australia - Federal Council","Level 2, 388-390 Sussex St","","SYDNEY SOUTH","NSW","2000","","489500","0","0","0","49500","440000","525112"
"2007-2008","Transport Workers Union of Australia - NSW Branch","PO Box 54","","MOUNT DRUITT","NSW","2770","","0","0","0","0","0","0","0"
"2007-2008","Transport Workers Union of New South Wales","PO Box 54","","MINCHINBURY","NSW","2770","","183255","0","0","0","29053","154202","0"
"2007-2008","Unions NSW","Level 3 4-10 Goulburn Street","","SYDNEY","NSW","2000","","887312","335528","206629","0","50000","295155","0"
"2007-2008","Unions Tasmania","PO Box 128","","NORTH HOBART","TAS","7002","","181828","0","101355","24329","0","56144","0"
"2007-2008","Western Australian Prison Officers' Union of Workers","63 Railway Parade","","MT LAWLEY","WA","6050","","10645","313","234","0","2972","7126","0"
"2007-2008","Wilderness Society Sydney Inc","PO BOx K249 ","","HAYMARKET","NSW","1240","","13630","0","0","0","0","13630","0"
"2006-2007","ABCE & BLF Union","L2","366 Upper Roma Street","BRISBANE","QLD","4000","","140998","138766","2232","0","0","0","0"
"2006-2007","Auspoll","PO Box 516","","CARLTON SOUTH","VIC","3053","","114831","0","0","0","114831","0","0"
"2006-2007","Australasian Meat Industry Employees Union","L1, 39 Lytton Road","","EAST BRISBANE","QLD","4169","","119475","1703","0","0","0","117772","0"
"2006-2007","Australasian Meat Industry Employees' Union - QLD Branch","Level 1","39 Lytton Road","EAST BRISBANE","QLD","4169","","73627","4017","39599","0","0","30011","0"
"2006-2007","Australian Christian Lobby","4 Campion Street","","DEAKIN","ACT","2600","","18130","0","0","0","0","18130","0"
"2006-2007","Australian Conservation Foundation Incorporated","Level 1,","60 Leicester Street","CARLTON","VIC","3053","","19823","0","14015","0","0","5808","0"
"2006-2007","Australian Council of Trade Unions","Level 6, 365 Queen Street","","MELBOURNE","VIC","3000","","10056932","1012950","262019","8544824","237139","0","9943484"
"2006-2007","Australian Education Union ","120 Clarendon Street","","SOUTHBANK","VIC","3006","","961253","0","17911","620217","189261","133864","0"
"2006-2007","Australian Municipal Administrative Clerical and Services Union ","Ground Floor,  116-124 Queensberry Street","","CARLTON SOUTH","VIC","3053","","342787","0","25705","0","40862","276220","0"
"2006-2007","Australian Nursing Federation","PO Box 4239","","KINGSTON","ACT","2604","","125206","0","2645","0","1465","121096","0"
"2006-2007","Australian Nursing Federation - SA Branch","PO Box 861","","REGENCY PARK BC","SA","5942","","107058","0","0","0","0","107058","0"
"2006-2007","Australian Rail Tram & Bus Industry Union, Queensland Branch","Level 1","457 Upper Edward Street","BRISBANE","QLD","4000","","142793","0","142793","0","0","0","0"
"2006-2007","Automotive Food Metals Engineering Printing & Kindred Ind. Union","PO Box 160","","GRANVILLE","NSW","2142","","196792","73710","75435","0","47647","0","0"
"2006-2007","CEPU Plumbing Division","PO Box 3596","","SOUTH BRISBANE","QLD","4101","","31503","31503","0","0","0","0","0"
"2006-2007","CFMEU","PO Box 6681","","EAST PERTH","WA","6892","","102899","69984","32915","0","0","0","0"
"2006-2007","CFMEU - Construction & General Division, National Office","PO Box Q235","QVB Post Office","SYDNEY","NSW","1230","","160695","0","77879","70000","12816","0","0"
"2006-2007","CFMEU Construction and General Division, New South Wales Divisional Branch","Locked Bag 5015","","ALEXANDRIA","NSW","2015","","34796","0","34796","0","0","0","0"
"2006-2007","CFMEU Mining & Energy Division - National Office","PO Box Q1641","","SYDNEY","NSW","1230","","357290","0","0","0","11430","345860","0"
"2006-2007","CFMMEU - Maritime Union of Australia Division","Level 2 ","365 - 375 Sussex Street","SYDNEY","NSW","2000","","553477","12529","0","0","19826","521122","0"
"2006-2007","Christian Adult Social Institute (CASI)","PO Box 1521","","BAKERY HILL","VIC","3354","","17035","17035","0","0","0","0","15724"
"2006-2007","Community & Public Sector Union-Civil Service Association of WA ","PO Box 2252","","PERTH","WA","6001","","105201","0","0","0","7219","97982","0"
"2006-2007","CPSU - State Public Services Federation Group, Federal Off","4/160 Clarence Street","","SYDNEY","NSW","2000","","1350444","0","0","0","0","1350444","0"
"2006-2007","CPSU - State Public Services Federation, South Australian Branch","122 Pirie Street","","ADELAIDE","SA","5000","","215260","0","0","0","0","215260","0"
"2006-2007","CPSU Community & Public Sector Union","Level 5-7","191-199 Thomas Street","HAYMARKET","NSW","2000","","1272811","0","15061","6466","3330","1247954","0"
"2006-2007","EMILY's List Australia","Level 2, Queen Victoria Women's Centre","210 Lonsdale Street","MELBOURNE","VIC","3000","","18167","421","0","0","17746","0","0"
"2006-2007","Finance Sector Union of Australia ","National Office","341 Queen Street","MELBOURNE","VIC","3000","","625201","0","0","0","12160","613041","0"
"2006-2007","Flight Attendants' Association of Aust - Domestic Regional Div ","Unit 18","538 Gardeners Road","ALEXANDRIA","NSW","2015","","21549","0","0","0","0","21549","0"
"2006-2007","Friends of Indi","33 Benelong Road","","CREMORNE","NSW","2090","","28526","14263","0","14263","0","0","0"
"2006-2007","Galaxy DP Pty Ltd","1 - 3 Derwent St","","GLEBE","NSW","2037","","18000","0","0","0","18000","0","0"
"2006-2007","GetUp Limited","Level 1, 64-76 Kippax Street","","SURRY HILLS","NSW","2010","","555234","0","183453","169905","14635","187241","215830"
"2006-2007","Health Services Union","Level 2,","109 Pitt Street","SYDNEY","NSW","2000","","513545","110611","402934","0","0","0","0"
"2006-2007","Health Services Union - National Office","Suite 46, 255 Drummond Street","","CARLTON","VIC","3053","","404292","0","16426","0","9394","378472","0"
"2006-2007","Health Services Union, Tasmania No.1 Branch","PO Box 635","","NORTH HOBART","TAS","7002","","35020","3503","12683","0","16224","2610","0"
"2006-2007","Independent Education Union - NSW/ACT","GPO Box 116","","SYDNEY","NSW","2001","","23167","0","18767","0","3795","605","0"
"2006-2007","Master Builders Assoc of WA (Union of Employers) Perth","35-37 Havelock Street","","WEST PERTH","WA","6005","","32070","0","25620","6450","0","0","0"
"2006-2007","Media Entertainment & Arts Alliance","PO Box 723","","STRAWBERRY HILLS","NSW","2012","","373402","373402","0","0","0","0","0"
"2006-2007","National Union of Students Inc.","64/54 Victoria Street","","SOUTH CARLTON","VIC","3053","","20560","0","20488","0","0","72","0"
"2006-2007","National Union of Workers","PO Box 343","","NORTH MELBOURNE","VIC","3051","","898331","0","0","0","24065","874266","0"
"2006-2007","Nature Conservation Council of NSW","2/301 Kent Street","","SYDNEY","NSW","2000","","22500","0","0","0","0","22500","45000"
"2006-2007","New South Wales Nurses and Midwives' Association","50 O'Dea Avenue","","WATERLOO","NSW","2017","","283529","0","61357","49950","44175","128047","0"
"2006-2007","Oxfam Australia","132 Leicester Street","","CARLTON","VIC","3053","","148096","0","0","0","0","148096","0"
"2006-2007","Police Federation of Australia","Level 1","21 Murray Crescent","GRIFFITH","ACT","2603","","291687","282953","8734","0","0","0","282943"
"2006-2007","Public Service Association of NSW","GPO Box 3365","","SYDNEY","NSW","2001","","332358","0","0","0","16591","315767","0"
"2006-2007","Queensland Nurses Union of Employees","GPO Box 1289","","BRISBANE","QLD","4001","","505034","0","0","0","0","505034","0"
"2006-2007","Queensland Services, Industrial Union of Employees","PO Box 3347","","SOUTH BRISBANE","QLD","4101","","6200","0","0","0","0","6200","0"
"2006-2007","Queensland Teachers Union of Employees","PO Box 1750","","MILTON","QLD","4064","","112859","0","18696","30000","17437","46726","0"
"2006-2007","SAWEFA Newcastle & Northern NSW","PO Box 118","","HAMILTON","NSW","2303","","42674","0","15492","0","3289","23893","0"
"2006-2007","Shop Distributive & Allied Employees Association - VIC Branch","65 Southbank Boulevard","","SOUTHBANK","VIC","3006","","137387","8560","91687","1279","35861","0","0"
"2006-2007","Shop Distributive & Allied Employees' Association NSW Branch","PO Box K230","","HAYMARKET","NSW","1240","","76915","0","50235","0","26680","0","0"
"2006-2007","Shop Distributive & Allied Employees' Association of Western Australia","5th Floor, 25 Barrack Street","","PERTH","WA","6000","","11684","0","0","0","11684","0","0"
"2006-2007","Shop Distributive and Allied Employees Association (QLD Branch)","PO Box 490","","SPRING HILL","QLD","4004","","246359","0","0","212278","34081","0","0"
"2006-2007","State School Teachers Union of WA","PO Box 6140","","EAST PERTH","WA","6892","","23557","0","0","0","0","23557","0"
"2006-2007","Textile Clothing & Footwear Union of Australia (Nat. Council)","Ground Floor","28 Anglo Road","CAMPSIE","NSW","2194","","55000","55000","0","0","0","0","0"
"2006-2007","Textiles, Clothing & Footwear Union (Vic & Qld & WA) Branch","Level 3","540 Elizabeth St","MELBOURNE","VIC","3000","","26139","22000","4139","0","0","0","0"
"2006-2007","The Australian Workers Union - Newcastle Central Coast & Northern Regions Branch","PO Box 226","","MAYFIELD","NSW","2304","","11338","0","1760","1650","0","7928","0"
"2006-2007","The Climate Institute","Level 15, 179 Elizabeth St","","Sydney","NSW","2000","","255693","0","0","170089","85604","0","1000000"
"2006-2007","The Community and Public Sector Union, SPSF, QLD","PO Box 157175","","CITY EAST","QLD","4002","","78130","0","0","0","0","78130","0"
"2006-2007","The Queensland Public Sector Union of Employees","PO Box 15175","","CITY EAST","QLD","4002","","802033","0","0","0","0","802033","0"
"2006-2007","The Wilderness Society (Tasmania) Inc","130 Davey Street","","HOBART","TAS","7000","","50054","0","50054","0","0","0","0"
"2006-2007","The Wilderness Society Limited","132 Davey Street","","HOBART","TAS","7000","","71878","0","0","0","0","71878","0"
"2006-2007","Transport Workers Union (WA Branch)","PO Box 8497","Perth Business Centre","PERTH","WA","6849","","58136","58136","0","0","0","0","0"
"2006-2007","Transport Workers Union of Australia - Federal Council","Level 2, 388-390 Sussex St","","SYDNEY SOUTH","NSW","2000","","340675","241802","0","0","98873","0","297191"
"2006-2007","Transport Workers Union of New South Wales","PO Box 54","","MINCHINBURY","NSW","2770","","141916","141916","0","0","0","0","0"
"2006-2007","Unions Tasmania","PO Box 128","","NORTH HOBART","TAS","7002","","88024","0","26567","14784","0","46673","100000"
"2006-2007","United Workers Union","Locked Bag 9","","HAYMARKET","NSW","1240","","1245465","1208012","0","0","37453","0","0"
"2006-2007","Victorian Independant Education Union","PO Box 1230","","SOUTH MELBOURNE","VIC","3205","","24041","0","14915","0","1467","7659","0"
"2006-2007","World Wide Fund for Nature Australia","GPO Box 528","","SYDNEY","NSW","2001","","13000","0","0","0","13000","0","0"
